sentence,word,label
Yaar tension mat lo and the deadline is tomorrow,Yaar,URD
Yaar tension mat lo and the deadline is tomorrow,tension,ENG
Yaar tension mat lo and the deadline is tomorrow,mat,URD
Yaar tension mat lo and the deadline is tomorrow,lo,URD
Yaar tension mat lo and the deadline is tomorrow,and,ENG
Yaar tension mat lo and the deadline is tomorrow,the,ENG
Yaar tension mat lo and the deadline is tomorrow,deadline,ENG
Yaar tension mat lo and the deadline is tomorrow,is,ENG
Yaar tension mat lo and the deadline is tomorrow,tomorrow,ENG
Ye traffic bilkul insane hai lekin I overslept again today,Ye,URD
Ye traffic bilkul insane hai lekin I overslept again today,traffic,ENG
Ye traffic bilkul insane hai lekin I overslept again today,bilkul,URD
Ye traffic bilkul insane hai lekin I overslept again today,insane,ENG
Ye traffic bilkul insane hai lekin I overslept again today,hai,URD
Ye traffic bilkul insane hai lekin I overslept again today,lekin,URD
Ye traffic bilkul insane hai lekin I overslept again today,I,ENG
Ye traffic bilkul insane hai lekin I overslept again today,overslept,ENG
Ye traffic bilkul insane hai lekin I overslept again today,again,ENG
Ye traffic bilkul insane hai lekin I overslept again today,today,ENG
Kal ka din bohot acha tha aur had 3 meetings back to back,Kal,URD
Kal ka din bohot acha tha aur had 3 meetings back to back,ka,URD
Kal ka din bohot acha tha aur had 3 meetings back to back,din,URD
Kal ka din bohot acha tha aur had 3 meetings back to back,bohot,URD
Kal ka din bohot acha tha aur had 3 meetings back to back,acha,URD
Kal ka din bohot acha tha aur had 3 meetings back to back,tha,URD
Kal ka din bohot acha tha aur had 3 meetings back to back,aur,URD
Kal ka din bohot acha tha aur had 3 meetings back to back,had,ENG
Kal ka din bohot acha tha aur had 3 meetings back to back,3,ENG
Kal ka din bohot acha tha aur had 3 meetings back to back,meetings,ENG
Kal ka din bohot acha tha aur had 3 meetings back to back,back,ENG
Kal ka din bohot acha tha aur had 3 meetings back to back,to,ENG
Kal ka din bohot acha tha aur had 3 meetings back to back,back,ENG
Sab kuch theek chal raha hai lekin I need a break honestly,Sab,URD
Sab kuch theek chal raha hai lekin I need a break honestly,kuch,URD
Sab kuch theek chal raha hai lekin I need a break honestly,theek,URD
Sab kuch theek chal raha hai lekin I need a break honestly,chal,URD
Sab kuch theek chal raha hai lekin I need a break honestly,raha,URD
Sab kuch theek chal raha hai lekin I need a break honestly,hai,URD
Sab kuch theek chal raha hai lekin I need a break honestly,lekin,URD
Sab kuch theek chal raha hai lekin I need a break honestly,I,ENG
Sab kuch theek chal raha hai lekin I need a break honestly,need,ENG
Sab kuch theek chal raha hai lekin I need a break honestly,a,ENG
Sab kuch theek chal raha hai lekin I need a break honestly,break,ENG
Sab kuch theek chal raha hai lekin I need a break honestly,honestly,ENG
Kal raat neend hi nahi aayi phir can we reschedule the call,Kal,URD
Kal raat neend hi nahi aayi phir can we reschedule the call,raat,URD
Kal raat neend hi nahi aayi phir can we reschedule the call,neend,URD
Kal raat neend hi nahi aayi phir can we reschedule the call,hi,URD
Kal raat neend hi nahi aayi phir can we reschedule the call,nahi,URD
Kal raat neend hi nahi aayi phir can we reschedule the call,aayi,URD
Kal raat neend hi nahi aayi phir can we reschedule the call,phir,URD
Kal raat neend hi nahi aayi phir can we reschedule the call,can,ENG
Kal raat neend hi nahi aayi phir can we reschedule the call,we,ENG
Kal raat neend hi nahi aayi phir can we reschedule the call,reschedule,ENG
Kal raat neend hi nahi aayi phir can we reschedule the call,the,ENG
Kal raat neend hi nahi aayi phir can we reschedule the call,call,ENG
"Yaar kuch samajh nahi aa raha, still not prepared at all",Yaar,URD
"Yaar kuch samajh nahi aa raha, still not prepared at all",kuch,URD
"Yaar kuch samajh nahi aa raha, still not prepared at all",samajh,URD
"Yaar kuch samajh nahi aa raha, still not prepared at all",nahi,URD
"Yaar kuch samajh nahi aa raha, still not prepared at all",aa,URD
"Yaar kuch samajh nahi aa raha, still not prepared at all",raha,URD
"Yaar kuch samajh nahi aa raha, still not prepared at all",still,ENG
"Yaar kuch samajh nahi aa raha, still not prepared at all",not,ENG
"Yaar kuch samajh nahi aa raha, still not prepared at all",prepared,ENG
"Yaar kuch samajh nahi aa raha, still not prepared at all",at,ENG
"Yaar kuch samajh nahi aa raha, still not prepared at all",all,ENG
Ye traffic bilkul insane hai but this project is due Friday,Ye,URD
Ye traffic bilkul insane hai but this project is due Friday,traffic,ENG
Ye traffic bilkul insane hai but this project is due Friday,bilkul,URD
Ye traffic bilkul insane hai but this project is due Friday,insane,ENG
Ye traffic bilkul insane hai but this project is due Friday,hai,URD
Ye traffic bilkul insane hai but this project is due Friday,but,ENG
Ye traffic bilkul insane hai but this project is due Friday,this,ENG
Ye traffic bilkul insane hai but this project is due Friday,project,ENG
Ye traffic bilkul insane hai but this project is due Friday,is,ENG
Ye traffic bilkul insane hai but this project is due Friday,due,ENG
Ye traffic bilkul insane hai but this project is due Friday,Friday,ENG
"Mujhe bilkul time nahi mila, I have zero motivation today",Mujhe,URD
"Mujhe bilkul time nahi mila, I have zero motivation today",bilkul,URD
"Mujhe bilkul time nahi mila, I have zero motivation today",time,ENG
"Mujhe bilkul time nahi mila, I have zero motivation today",nahi,URD
"Mujhe bilkul time nahi mila, I have zero motivation today",mila,URD
"Mujhe bilkul time nahi mila, I have zero motivation today",I,ENG
"Mujhe bilkul time nahi mila, I have zero motivation today",have,ENG
"Mujhe bilkul time nahi mila, I have zero motivation today",zero,ENG
"Mujhe bilkul time nahi mila, I have zero motivation today",motivation,ENG
"Mujhe bilkul time nahi mila, I have zero motivation today",today,ENG
Ammi ne kaha ghar jaldi aa jao phir the deadline is tomorrow,Ammi,URD
Ammi ne kaha ghar jaldi aa jao phir the deadline is tomorrow,ne,URD
Ammi ne kaha ghar jaldi aa jao phir the deadline is tomorrow,kaha,URD
Ammi ne kaha ghar jaldi aa jao phir the deadline is tomorrow,ghar,URD
Ammi ne kaha ghar jaldi aa jao phir the deadline is tomorrow,jaldi,URD
Ammi ne kaha ghar jaldi aa jao phir the deadline is tomorrow,aa,URD
Ammi ne kaha ghar jaldi aa jao phir the deadline is tomorrow,jao,URD
Ammi ne kaha ghar jaldi aa jao phir the deadline is tomorrow,phir,URD
Ammi ne kaha ghar jaldi aa jao phir the deadline is tomorrow,the,ENG
Ammi ne kaha ghar jaldi aa jao phir the deadline is tomorrow,deadline,ENG
Ammi ne kaha ghar jaldi aa jao phir the deadline is tomorrow,is,ENG
Ammi ne kaha ghar jaldi aa jao phir the deadline is tomorrow,tomorrow,ENG
Bhai kal mera presentation hai phir nothing is working properly,Bhai,URD
Bhai kal mera presentation hai phir nothing is working properly,kal,URD
Bhai kal mera presentation hai phir nothing is working properly,mera,URD
Bhai kal mera presentation hai phir nothing is working properly,presentation,MIX
Bhai kal mera presentation hai phir nothing is working properly,hai,URD
Bhai kal mera presentation hai phir nothing is working properly,phir,URD
Bhai kal mera presentation hai phir nothing is working properly,nothing,ENG
Bhai kal mera presentation hai phir nothing is working properly,is,ENG
Bhai kal mera presentation hai phir nothing is working properly,working,ENG
Bhai kal mera presentation hai phir nothing is working properly,properly,ENG
Kal raat neend hi nahi aayi lekin the results come out tomorrow,Kal,URD
Kal raat neend hi nahi aayi lekin the results come out tomorrow,raat,URD
Kal raat neend hi nahi aayi lekin the results come out tomorrow,neend,URD
Kal raat neend hi nahi aayi lekin the results come out tomorrow,hi,URD
Kal raat neend hi nahi aayi lekin the results come out tomorrow,nahi,URD
Kal raat neend hi nahi aayi lekin the results come out tomorrow,aayi,URD
Kal raat neend hi nahi aayi lekin the results come out tomorrow,lekin,URD
Kal raat neend hi nahi aayi lekin the results come out tomorrow,the,ENG
Kal raat neend hi nahi aayi lekin the results come out tomorrow,results,ENG
Kal raat neend hi nahi aayi lekin the results come out tomorrow,come,ENG
Kal raat neend hi nahi aayi lekin the results come out tomorrow,out,ENG
Kal raat neend hi nahi aayi lekin the results come out tomorrow,tomorrow,ENG
Mujhe bilkul time nahi mila phir I'm not in the mood,Mujhe,URD
Mujhe bilkul time nahi mila phir I'm not in the mood,bilkul,URD
Mujhe bilkul time nahi mila phir I'm not in the mood,time,ENG
Mujhe bilkul time nahi mila phir I'm not in the mood,nahi,URD
Mujhe bilkul time nahi mila phir I'm not in the mood,mila,URD
Mujhe bilkul time nahi mila phir I'm not in the mood,phir,URD
Mujhe bilkul time nahi mila phir I'm not in the mood,I'm,ENG
Mujhe bilkul time nahi mila phir I'm not in the mood,not,ENG
Mujhe bilkul time nahi mila phir I'm not in the mood,in,ENG
Mujhe bilkul time nahi mila phir I'm not in the mood,the,ENG
Mujhe bilkul time nahi mila phir I'm not in the mood,mood,ENG
Subha se sar dard ho raha hai aur I can't even right now,Subha,URD
Subha se sar dard ho raha hai aur I can't even right now,se,URD
Subha se sar dard ho raha hai aur I can't even right now,sar,URD
Subha se sar dard ho raha hai aur I can't even right now,dard,URD
Subha se sar dard ho raha hai aur I can't even right now,ho,URD
Subha se sar dard ho raha hai aur I can't even right now,raha,URD
Subha se sar dard ho raha hai aur I can't even right now,hai,URD
Subha se sar dard ho raha hai aur I can't even right now,aur,URD
Subha se sar dard ho raha hai aur I can't even right now,I,ENG
Subha se sar dard ho raha hai aur I can't even right now,can't,ENG
Subha se sar dard ho raha hai aur I can't even right now,even,ENG
Subha se sar dard ho raha hai aur I can't even right now,right,ENG
Subha se sar dard ho raha hai aur I can't even right now,now,ENG
Yaar tension mat lo aur still not prepared at all,Yaar,URD
Yaar tension mat lo aur still not prepared at all,tension,ENG
Yaar tension mat lo aur still not prepared at all,mat,URD
Yaar tension mat lo aur still not prepared at all,lo,URD
Yaar tension mat lo aur still not prepared at all,aur,URD
Yaar tension mat lo aur still not prepared at all,still,ENG
Yaar tension mat lo aur still not prepared at all,not,ENG
Yaar tension mat lo aur still not prepared at all,prepared,ENG
Yaar tension mat lo aur still not prepared at all,at,ENG
Yaar tension mat lo aur still not prepared at all,all,ENG
Khana kha liya lekin this is so frustrating,Khana,URD
Khana kha liya lekin this is so frustrating,kha,URD
Khana kha liya lekin this is so frustrating,liya,URD
Khana kha liya lekin this is so frustrating,lekin,URD
Khana kha liya lekin this is so frustrating,this,ENG
Khana kha liya lekin this is so frustrating,is,ENG
Khana kha liya lekin this is so frustrating,so,ENG
Khana kha liya lekin this is so frustrating,frustrating,ENG
Ghar par sab log so gaye hain but the deadline is tomorrow,Ghar,URD
Ghar par sab log so gaye hain but the deadline is tomorrow,par,URD
Ghar par sab log so gaye hain but the deadline is tomorrow,sab,URD
Ghar par sab log so gaye hain but the deadline is tomorrow,log,URD
Ghar par sab log so gaye hain but the deadline is tomorrow,so,URD
Ghar par sab log so gaye hain but the deadline is tomorrow,gaye,URD
Ghar par sab log so gaye hain but the deadline is tomorrow,hain,URD
Ghar par sab log so gaye hain but the deadline is tomorrow,but,ENG
Ghar par sab log so gaye hain but the deadline is tomorrow,the,ENG
Ghar par sab log so gaye hain but the deadline is tomorrow,deadline,ENG
Ghar par sab log so gaye hain but the deadline is tomorrow,is,ENG
Ghar par sab log so gaye hain but the deadline is tomorrow,tomorrow,ENG
Khana kha liya but I need a break honestly,Khana,URD
Khana kha liya but I need a break honestly,kha,URD
Khana kha liya but I need a break honestly,liya,URD
Khana kha liya but I need a break honestly,but,ENG
Khana kha liya but I need a break honestly,I,ENG
Khana kha liya but I need a break honestly,need,ENG
Khana kha liya but I need a break honestly,a,ENG
Khana kha liya but I need a break honestly,break,ENG
Khana kha liya but I need a break honestly,honestly,ENG
Ye traffic bilkul insane hai and let's just get this done,Ye,URD
Ye traffic bilkul insane hai and let's just get this done,traffic,ENG
Ye traffic bilkul insane hai and let's just get this done,bilkul,URD
Ye traffic bilkul insane hai and let's just get this done,insane,ENG
Ye traffic bilkul insane hai and let's just get this done,hai,URD
Ye traffic bilkul insane hai and let's just get this done,and,ENG
Ye traffic bilkul insane hai and let's just get this done,let's,ENG
Ye traffic bilkul insane hai and let's just get this done,just,ENG
Ye traffic bilkul insane hai and let's just get this done,get,ENG
Ye traffic bilkul insane hai and let's just get this done,this,ENG
Ye traffic bilkul insane hai and let's just get this done,done,ENG
Mujhe bilkul time nahi mila so honestly I don't care anymore,Mujhe,URD
Mujhe bilkul time nahi mila so honestly I don't care anymore,bilkul,URD
Mujhe bilkul time nahi mila so honestly I don't care anymore,time,ENG
Mujhe bilkul time nahi mila so honestly I don't care anymore,nahi,URD
Mujhe bilkul time nahi mila so honestly I don't care anymore,mila,URD
Mujhe bilkul time nahi mila so honestly I don't care anymore,so,ENG
Mujhe bilkul time nahi mila so honestly I don't care anymore,honestly,ENG
Mujhe bilkul time nahi mila so honestly I don't care anymore,I,ENG
Mujhe bilkul time nahi mila so honestly I don't care anymore,don't,ENG
Mujhe bilkul time nahi mila so honestly I don't care anymore,care,ENG
Mujhe bilkul time nahi mila so honestly I don't care anymore,anymore,ENG
Bahar bohot barish ho rahi hai and I totally forgot about it,Bahar,URD
Bahar bohot barish ho rahi hai and I totally forgot about it,bohot,URD
Bahar bohot barish ho rahi hai and I totally forgot about it,barish,URD
Bahar bohot barish ho rahi hai and I totally forgot about it,ho,URD
Bahar bohot barish ho rahi hai and I totally forgot about it,rahi,URD
Bahar bohot barish ho rahi hai and I totally forgot about it,hai,URD
Bahar bohot barish ho rahi hai and I totally forgot about it,and,ENG
Bahar bohot barish ho rahi hai and I totally forgot about it,I,ENG
Bahar bohot barish ho rahi hai and I totally forgot about it,totally,ENG
Bahar bohot barish ho rahi hai and I totally forgot about it,forgot,ENG
Bahar bohot barish ho rahi hai and I totally forgot about it,about,ENG
Bahar bohot barish ho rahi hai and I totally forgot about it,it,ENG
Kal raat neend hi nahi aayi so I have zero motivation today,Kal,URD
Kal raat neend hi nahi aayi so I have zero motivation today,raat,URD
Kal raat neend hi nahi aayi so I have zero motivation today,neend,URD
Kal raat neend hi nahi aayi so I have zero motivation today,hi,URD
Kal raat neend hi nahi aayi so I have zero motivation today,nahi,URD
Kal raat neend hi nahi aayi so I have zero motivation today,aayi,URD
Kal raat neend hi nahi aayi so I have zero motivation today,so,ENG
Kal raat neend hi nahi aayi so I have zero motivation today,I,ENG
Kal raat neend hi nahi aayi so I have zero motivation today,have,ENG
Kal raat neend hi nahi aayi so I have zero motivation today,zero,ENG
Kal raat neend hi nahi aayi so I have zero motivation today,motivation,ENG
Kal raat neend hi nahi aayi so I have zero motivation today,today,ENG
Mera phone hang ho gaya hai phir this project is due Friday,Mera,URD
Mera phone hang ho gaya hai phir this project is due Friday,phone,ENG
Mera phone hang ho gaya hai phir this project is due Friday,hang,ENG
Mera phone hang ho gaya hai phir this project is due Friday,ho,URD
Mera phone hang ho gaya hai phir this project is due Friday,gaya,URD
Mera phone hang ho gaya hai phir this project is due Friday,hai,URD
Mera phone hang ho gaya hai phir this project is due Friday,phir,URD
Mera phone hang ho gaya hai phir this project is due Friday,this,ENG
Mera phone hang ho gaya hai phir this project is due Friday,project,ENG
Mera phone hang ho gaya hai phir this project is due Friday,is,ENG
Mera phone hang ho gaya hai phir this project is due Friday,due,ENG
Mera phone hang ho gaya hai phir this project is due Friday,Friday,ENG
Kal raat neend hi nahi aayi but I'm not in the mood,Kal,URD
Kal raat neend hi nahi aayi but I'm not in the mood,raat,URD
Kal raat neend hi nahi aayi but I'm not in the mood,neend,URD
Kal raat neend hi nahi aayi but I'm not in the mood,hi,URD
Kal raat neend hi nahi aayi but I'm not in the mood,nahi,URD
Kal raat neend hi nahi aayi but I'm not in the mood,aayi,URD
Kal raat neend hi nahi aayi but I'm not in the mood,but,ENG
Kal raat neend hi nahi aayi but I'm not in the mood,I'm,ENG
Kal raat neend hi nahi aayi but I'm not in the mood,not,ENG
Kal raat neend hi nahi aayi but I'm not in the mood,in,ENG
Kal raat neend hi nahi aayi but I'm not in the mood,the,ENG
Kal raat neend hi nahi aayi but I'm not in the mood,mood,ENG
Bohot thak gaya hoon lekin I have zero motivation today,Bohot,URD
Bohot thak gaya hoon lekin I have zero motivation today,thak,URD
Bohot thak gaya hoon lekin I have zero motivation today,gaya,URD
Bohot thak gaya hoon lekin I have zero motivation today,hoon,URD
Bohot thak gaya hoon lekin I have zero motivation today,lekin,URD
Bohot thak gaya hoon lekin I have zero motivation today,I,ENG
Bohot thak gaya hoon lekin I have zero motivation today,have,ENG
Bohot thak gaya hoon lekin I have zero motivation today,zero,ENG
Bohot thak gaya hoon lekin I have zero motivation today,motivation,ENG
Bohot thak gaya hoon lekin I have zero motivation today,today,ENG
Subha se sar dard ho raha hai so I have an assignment due,Subha,URD
Subha se sar dard ho raha hai so I have an assignment due,se,URD
Subha se sar dard ho raha hai so I have an assignment due,sar,URD
Subha se sar dard ho raha hai so I have an assignment due,dard,URD
Subha se sar dard ho raha hai so I have an assignment due,ho,URD
Subha se sar dard ho raha hai so I have an assignment due,raha,URD
Subha se sar dard ho raha hai so I have an assignment due,hai,URD
Subha se sar dard ho raha hai so I have an assignment due,so,ENG
Subha se sar dard ho raha hai so I have an assignment due,I,ENG
Subha se sar dard ho raha hai so I have an assignment due,have,ENG
Subha se sar dard ho raha hai so I have an assignment due,an,ENG
Subha se sar dard ho raha hai so I have an assignment due,assignment,ENG
Subha se sar dard ho raha hai so I have an assignment due,due,ENG
Dil nahi kar raha kuch bhi karne ka and I need a break honestly,Dil,URD
Dil nahi kar raha kuch bhi karne ka and I need a break honestly,nahi,URD
Dil nahi kar raha kuch bhi karne ka and I need a break honestly,kar,URD
Dil nahi kar raha kuch bhi karne ka and I need a break honestly,raha,URD
Dil nahi kar raha kuch bhi karne ka and I need a break honestly,kuch,URD
Dil nahi kar raha kuch bhi karne ka and I need a break honestly,bhi,URD
Dil nahi kar raha kuch bhi karne ka and I need a break honestly,karne,URD
Dil nahi kar raha kuch bhi karne ka and I need a break honestly,ka,URD
Dil nahi kar raha kuch bhi karne ka and I need a break honestly,and,ENG
Dil nahi kar raha kuch bhi karne ka and I need a break honestly,I,ENG
Dil nahi kar raha kuch bhi karne ka and I need a break honestly,need,ENG
Dil nahi kar raha kuch bhi karne ka and I need a break honestly,a,ENG
Dil nahi kar raha kuch bhi karne ka and I need a break honestly,break,ENG
Dil nahi kar raha kuch bhi karne ka and I need a break honestly,honestly,ENG
Mujhe bilkul time nahi mila and honestly I don't care anymore,Mujhe,URD
Mujhe bilkul time nahi mila and honestly I don't care anymore,bilkul,URD
Mujhe bilkul time nahi mila and honestly I don't care anymore,time,ENG
Mujhe bilkul time nahi mila and honestly I don't care anymore,nahi,URD
Mujhe bilkul time nahi mila and honestly I don't care anymore,mila,URD
Mujhe bilkul time nahi mila and honestly I don't care anymore,and,ENG
Mujhe bilkul time nahi mila and honestly I don't care anymore,honestly,ENG
Mujhe bilkul time nahi mila and honestly I don't care anymore,I,ENG
Mujhe bilkul time nahi mila and honestly I don't care anymore,don't,ENG
Mujhe bilkul time nahi mila and honestly I don't care anymore,care,ENG
Mujhe bilkul time nahi mila and honestly I don't care anymore,anymore,ENG
Mujhe neend aa rahi hai but I'm not in the mood,Mujhe,URD
Mujhe neend aa rahi hai but I'm not in the mood,neend,URD
Mujhe neend aa rahi hai but I'm not in the mood,aa,URD
Mujhe neend aa rahi hai but I'm not in the mood,rahi,URD
Mujhe neend aa rahi hai but I'm not in the mood,hai,URD
Mujhe neend aa rahi hai but I'm not in the mood,but,ENG
Mujhe neend aa rahi hai but I'm not in the mood,I'm,ENG
Mujhe neend aa rahi hai but I'm not in the mood,not,ENG
Mujhe neend aa rahi hai but I'm not in the mood,in,ENG
Mujhe neend aa rahi hai but I'm not in the mood,the,ENG
Mujhe neend aa rahi hai but I'm not in the mood,mood,ENG
Sab kuch theek chal raha hai so the wifi keeps disconnecting,Sab,URD
Sab kuch theek chal raha hai so the wifi keeps disconnecting,kuch,URD
Sab kuch theek chal raha hai so the wifi keeps disconnecting,theek,URD
Sab kuch theek chal raha hai so the wifi keeps disconnecting,chal,URD
Sab kuch theek chal raha hai so the wifi keeps disconnecting,raha,URD
Sab kuch theek chal raha hai so the wifi keeps disconnecting,hai,URD
Sab kuch theek chal raha hai so the wifi keeps disconnecting,so,ENG
Sab kuch theek chal raha hai so the wifi keeps disconnecting,the,ENG
Sab kuch theek chal raha hai so the wifi keeps disconnecting,wifi,ENG
Sab kuch theek chal raha hai so the wifi keeps disconnecting,keeps,ENG
Sab kuch theek chal raha hai so the wifi keeps disconnecting,disconnecting,ENG
Kal ka din bohot acha tha lekin let's just get this done,Kal,URD
Kal ka din bohot acha tha lekin let's just get this done,ka,URD
Kal ka din bohot acha tha lekin let's just get this done,din,URD
Kal ka din bohot acha tha lekin let's just get this done,bohot,URD
Kal ka din bohot acha tha lekin let's just get this done,acha,URD
Kal ka din bohot acha tha lekin let's just get this done,tha,URD
Kal ka din bohot acha tha lekin let's just get this done,lekin,URD
Kal ka din bohot acha tha lekin let's just get this done,let's,ENG
Kal ka din bohot acha tha lekin let's just get this done,just,ENG
Kal ka din bohot acha tha lekin let's just get this done,get,ENG
Kal ka din bohot acha tha lekin let's just get this done,this,ENG
Kal ka din bohot acha tha lekin let's just get this done,done,ENG
Ammi ne kaha ghar jaldi aa jao aur I totally forgot about it,Ammi,URD
Ammi ne kaha ghar jaldi aa jao aur I totally forgot about it,ne,URD
Ammi ne kaha ghar jaldi aa jao aur I totally forgot about it,kaha,URD
Ammi ne kaha ghar jaldi aa jao aur I totally forgot about it,ghar,URD
Ammi ne kaha ghar jaldi aa jao aur I totally forgot about it,jaldi,URD
Ammi ne kaha ghar jaldi aa jao aur I totally forgot about it,aa,URD
Ammi ne kaha ghar jaldi aa jao aur I totally forgot about it,jao,URD
Ammi ne kaha ghar jaldi aa jao aur I totally forgot about it,aur,URD
Ammi ne kaha ghar jaldi aa jao aur I totally forgot about it,I,ENG
Ammi ne kaha ghar jaldi aa jao aur I totally forgot about it,totally,ENG
Ammi ne kaha ghar jaldi aa jao aur I totally forgot about it,forgot,ENG
Ammi ne kaha ghar jaldi aa jao aur I totally forgot about it,about,ENG
Ammi ne kaha ghar jaldi aa jao aur I totally forgot about it,it,ENG
Khana kha liya aur I'm literally so tired,Khana,URD
Khana kha liya aur I'm literally so tired,kha,URD
Khana kha liya aur I'm literally so tired,liya,URD
Khana kha liya aur I'm literally so tired,aur,URD
Khana kha liya aur I'm literally so tired,I'm,ENG
Khana kha liya aur I'm literally so tired,literally,ENG
Khana kha liya aur I'm literally so tired,so,ENG
Khana kha liya aur I'm literally so tired,tired,ENG
Dil nahi kar raha kuch bhi karne ka phir honestly I don't care anymore,Dil,URD
Dil nahi kar raha kuch bhi karne ka phir honestly I don't care anymore,nahi,URD
Dil nahi kar raha kuch bhi karne ka phir honestly I don't care anymore,kar,URD
Dil nahi kar raha kuch bhi karne ka phir honestly I don't care anymore,raha,URD
Dil nahi kar raha kuch bhi karne ka phir honestly I don't care anymore,kuch,URD
Dil nahi kar raha kuch bhi karne ka phir honestly I don't care anymore,bhi,URD
Dil nahi kar raha kuch bhi karne ka phir honestly I don't care anymore,karne,URD
Dil nahi kar raha kuch bhi karne ka phir honestly I don't care anymore,ka,URD
Dil nahi kar raha kuch bhi karne ka phir honestly I don't care anymore,phir,URD
Dil nahi kar raha kuch bhi karne ka phir honestly I don't care anymore,honestly,ENG
Dil nahi kar raha kuch bhi karne ka phir honestly I don't care anymore,I,ENG
Dil nahi kar raha kuch bhi karne ka phir honestly I don't care anymore,don't,ENG
Dil nahi kar raha kuch bhi karne ka phir honestly I don't care anymore,care,ENG
Dil nahi kar raha kuch bhi karne ka phir honestly I don't care anymore,anymore,ENG
Aaj mera mood nahi hai aur nothing is working properly,Aaj,URD
Aaj mera mood nahi hai aur nothing is working properly,mera,URD
Aaj mera mood nahi hai aur nothing is working properly,mood,MIX
Aaj mera mood nahi hai aur nothing is working properly,nahi,URD
Aaj mera mood nahi hai aur nothing is working properly,hai,URD
Aaj mera mood nahi hai aur nothing is working properly,aur,URD
Aaj mera mood nahi hai aur nothing is working properly,nothing,ENG
Aaj mera mood nahi hai aur nothing is working properly,is,ENG
Aaj mera mood nahi hai aur nothing is working properly,working,ENG
Aaj mera mood nahi hai aur nothing is working properly,properly,ENG
"Mujhe neend aa rahi hai, let's just get this done",Mujhe,URD
"Mujhe neend aa rahi hai, let's just get this done",neend,URD
"Mujhe neend aa rahi hai, let's just get this done",aa,URD
"Mujhe neend aa rahi hai, let's just get this done",rahi,URD
"Mujhe neend aa rahi hai, let's just get this done",hai,URD
"Mujhe neend aa rahi hai, let's just get this done",let's,ENG
"Mujhe neend aa rahi hai, let's just get this done",just,ENG
"Mujhe neend aa rahi hai, let's just get this done",get,ENG
"Mujhe neend aa rahi hai, let's just get this done",this,ENG
"Mujhe neend aa rahi hai, let's just get this done",done,ENG
Bijli phir chali gayi and I have zero motivation today,Bijli,URD
Bijli phir chali gayi and I have zero motivation today,phir,URD
Bijli phir chali gayi and I have zero motivation today,chali,URD
Bijli phir chali gayi and I have zero motivation today,gayi,URD
Bijli phir chali gayi and I have zero motivation today,and,ENG
Bijli phir chali gayi and I have zero motivation today,I,ENG
Bijli phir chali gayi and I have zero motivation today,have,ENG
Bijli phir chali gayi and I have zero motivation today,zero,ENG
Bijli phir chali gayi and I have zero motivation today,motivation,ENG
Bijli phir chali gayi and I have zero motivation today,today,ENG
Kal ka din bohot acha tha but I'm literally so tired,Kal,URD
Kal ka din bohot acha tha but I'm literally so tired,ka,URD
Kal ka din bohot acha tha but I'm literally so tired,din,URD
Kal ka din bohot acha tha but I'm literally so tired,bohot,URD
Kal ka din bohot acha tha but I'm literally so tired,acha,URD
Kal ka din bohot acha tha but I'm literally so tired,tha,URD
Kal ka din bohot acha tha but I'm literally so tired,but,ENG
Kal ka din bohot acha tha but I'm literally so tired,I'm,ENG
Kal ka din bohot acha tha but I'm literally so tired,literally,ENG
Kal ka din bohot acha tha but I'm literally so tired,so,ENG
Kal ka din bohot acha tha but I'm literally so tired,tired,ENG
Aaj bohot garmi hai so I just want to sleep,Aaj,URD
Aaj bohot garmi hai so I just want to sleep,bohot,URD
Aaj bohot garmi hai so I just want to sleep,garmi,URD
Aaj bohot garmi hai so I just want to sleep,hai,URD
Aaj bohot garmi hai so I just want to sleep,so,ENG
Aaj bohot garmi hai so I just want to sleep,I,ENG
Aaj bohot garmi hai so I just want to sleep,just,ENG
Aaj bohot garmi hai so I just want to sleep,want,ENG
Aaj bohot garmi hai so I just want to sleep,to,ENG
Aaj bohot garmi hai so I just want to sleep,sleep,ENG
Khana kha liya lekin I can't even right now,Khana,URD
Khana kha liya lekin I can't even right now,kha,URD
Khana kha liya lekin I can't even right now,liya,URD
Khana kha liya lekin I can't even right now,lekin,URD
Khana kha liya lekin I can't even right now,I,ENG
Khana kha liya lekin I can't even right now,can't,ENG
Khana kha liya lekin I can't even right now,even,ENG
Khana kha liya lekin I can't even right now,right,ENG
Khana kha liya lekin I can't even right now,now,ENG
Dil nahi kar raha kuch bhi karne ka lekin I have zero motivation today,Dil,URD
Dil nahi kar raha kuch bhi karne ka lekin I have zero motivation today,nahi,URD
Dil nahi kar raha kuch bhi karne ka lekin I have zero motivation today,kar,URD
Dil nahi kar raha kuch bhi karne ka lekin I have zero motivation today,raha,URD
Dil nahi kar raha kuch bhi karne ka lekin I have zero motivation today,kuch,URD
Dil nahi kar raha kuch bhi karne ka lekin I have zero motivation today,bhi,URD
Dil nahi kar raha kuch bhi karne ka lekin I have zero motivation today,karne,URD
Dil nahi kar raha kuch bhi karne ka lekin I have zero motivation today,ka,URD
Dil nahi kar raha kuch bhi karne ka lekin I have zero motivation today,lekin,URD
Dil nahi kar raha kuch bhi karne ka lekin I have zero motivation today,I,ENG
Dil nahi kar raha kuch bhi karne ka lekin I have zero motivation today,have,ENG
Dil nahi kar raha kuch bhi karne ka lekin I have zero motivation today,zero,ENG
Dil nahi kar raha kuch bhi karne ka lekin I have zero motivation today,motivation,ENG
Dil nahi kar raha kuch bhi karne ka lekin I have zero motivation today,today,ENG
Khana kha liya aur had 3 meetings back to back,Khana,URD
Khana kha liya aur had 3 meetings back to back,kha,URD
Khana kha liya aur had 3 meetings back to back,liya,URD
Khana kha liya aur had 3 meetings back to back,aur,URD
Khana kha liya aur had 3 meetings back to back,had,ENG
Khana kha liya aur had 3 meetings back to back,3,ENG
Khana kha liya aur had 3 meetings back to back,meetings,ENG
Khana kha liya aur had 3 meetings back to back,back,ENG
Khana kha liya aur had 3 meetings back to back,to,ENG
Khana kha liya aur had 3 meetings back to back,back,ENG
Abhi tak reply nahi aya but I need to submit the form,Abhi,URD
Abhi tak reply nahi aya but I need to submit the form,tak,URD
Abhi tak reply nahi aya but I need to submit the form,reply,ENG
Abhi tak reply nahi aya but I need to submit the form,nahi,URD
Abhi tak reply nahi aya but I need to submit the form,aya,URD
Abhi tak reply nahi aya but I need to submit the form,but,ENG
Abhi tak reply nahi aya but I need to submit the form,I,ENG
Abhi tak reply nahi aya but I need to submit the form,need,ENG
Abhi tak reply nahi aya but I need to submit the form,to,ENG
Abhi tak reply nahi aya but I need to submit the form,submit,ENG
Abhi tak reply nahi aya but I need to submit the form,the,ENG
Abhi tak reply nahi aya but I need to submit the form,form,ENG
Aaj bohot garmi hai lekin I was literally waiting for you,Aaj,URD
Aaj bohot garmi hai lekin I was literally waiting for you,bohot,URD
Aaj bohot garmi hai lekin I was literally waiting for you,garmi,URD
Aaj bohot garmi hai lekin I was literally waiting for you,hai,URD
Aaj bohot garmi hai lekin I was literally waiting for you,lekin,URD
Aaj bohot garmi hai lekin I was literally waiting for you,I,ENG
Aaj bohot garmi hai lekin I was literally waiting for you,was,ENG
Aaj bohot garmi hai lekin I was literally waiting for you,literally,ENG
Aaj bohot garmi hai lekin I was literally waiting for you,waiting,ENG
Aaj bohot garmi hai lekin I was literally waiting for you,for,ENG
Aaj bohot garmi hai lekin I was literally waiting for you,you,ENG
Yaar kuch samajh nahi aa raha lekin I'm not in the mood,Yaar,URD
Yaar kuch samajh nahi aa raha lekin I'm not in the mood,kuch,URD
Yaar kuch samajh nahi aa raha lekin I'm not in the mood,samajh,URD
Yaar kuch samajh nahi aa raha lekin I'm not in the mood,nahi,URD
Yaar kuch samajh nahi aa raha lekin I'm not in the mood,aa,URD
Yaar kuch samajh nahi aa raha lekin I'm not in the mood,raha,URD
Yaar kuch samajh nahi aa raha lekin I'm not in the mood,lekin,URD
Yaar kuch samajh nahi aa raha lekin I'm not in the mood,I'm,ENG
Yaar kuch samajh nahi aa raha lekin I'm not in the mood,not,ENG
Yaar kuch samajh nahi aa raha lekin I'm not in the mood,in,ENG
Yaar kuch samajh nahi aa raha lekin I'm not in the mood,the,ENG
Yaar kuch samajh nahi aa raha lekin I'm not in the mood,mood,ENG
Mera phone hang ho gaya hai aur I'm not in the mood,Mera,URD
Mera phone hang ho gaya hai aur I'm not in the mood,phone,ENG
Mera phone hang ho gaya hai aur I'm not in the mood,hang,ENG
Mera phone hang ho gaya hai aur I'm not in the mood,ho,URD
Mera phone hang ho gaya hai aur I'm not in the mood,gaya,URD
Mera phone hang ho gaya hai aur I'm not in the mood,hai,URD
Mera phone hang ho gaya hai aur I'm not in the mood,aur,URD
Mera phone hang ho gaya hai aur I'm not in the mood,I'm,ENG
Mera phone hang ho gaya hai aur I'm not in the mood,not,ENG
Mera phone hang ho gaya hai aur I'm not in the mood,in,ENG
Mera phone hang ho gaya hai aur I'm not in the mood,the,ENG
Mera phone hang ho gaya hai aur I'm not in the mood,mood,ENG
Mujhe neend aa rahi hai aur honestly I don't care anymore,Mujhe,URD
Mujhe neend aa rahi hai aur honestly I don't care anymore,neend,URD
Mujhe neend aa rahi hai aur honestly I don't care anymore,aa,URD
Mujhe neend aa rahi hai aur honestly I don't care anymore,rahi,URD
Mujhe neend aa rahi hai aur honestly I don't care anymore,hai,URD
Mujhe neend aa rahi hai aur honestly I don't care anymore,aur,URD
Mujhe neend aa rahi hai aur honestly I don't care anymore,honestly,ENG
Mujhe neend aa rahi hai aur honestly I don't care anymore,I,ENG
Mujhe neend aa rahi hai aur honestly I don't care anymore,don't,ENG
Mujhe neend aa rahi hai aur honestly I don't care anymore,care,ENG
Mujhe neend aa rahi hai aur honestly I don't care anymore,anymore,ENG
"Kal ka din bohot acha tha, I just want to sleep",Kal,URD
"Kal ka din bohot acha tha, I just want to sleep",ka,URD
"Kal ka din bohot acha tha, I just want to sleep",din,URD
"Kal ka din bohot acha tha, I just want to sleep",bohot,URD
"Kal ka din bohot acha tha, I just want to sleep",acha,URD
"Kal ka din bohot acha tha, I just want to sleep",tha,URD
"Kal ka din bohot acha tha, I just want to sleep",I,ENG
"Kal ka din bohot acha tha, I just want to sleep",just,ENG
"Kal ka din bohot acha tha, I just want to sleep",want,ENG
"Kal ka din bohot acha tha, I just want to sleep",to,ENG
"Kal ka din bohot acha tha, I just want to sleep",sleep,ENG
Bohot thak gaya hoon and I'm literally so tired,Bohot,URD
Bohot thak gaya hoon and I'm literally so tired,thak,URD
Bohot thak gaya hoon and I'm literally so tired,gaya,URD
Bohot thak gaya hoon and I'm literally so tired,hoon,URD
Bohot thak gaya hoon and I'm literally so tired,and,ENG
Bohot thak gaya hoon and I'm literally so tired,I'm,ENG
Bohot thak gaya hoon and I'm literally so tired,literally,ENG
Bohot thak gaya hoon and I'm literally so tired,so,ENG
Bohot thak gaya hoon and I'm literally so tired,tired,ENG
Mujhe bilkul time nahi mila but I overslept again today,Mujhe,URD
Mujhe bilkul time nahi mila but I overslept again today,bilkul,URD
Mujhe bilkul time nahi mila but I overslept again today,time,ENG
Mujhe bilkul time nahi mila but I overslept again today,nahi,URD
Mujhe bilkul time nahi mila but I overslept again today,mila,URD
Mujhe bilkul time nahi mila but I overslept again today,but,ENG
Mujhe bilkul time nahi mila but I overslept again today,I,ENG
Mujhe bilkul time nahi mila but I overslept again today,overslept,ENG
Mujhe bilkul time nahi mila but I overslept again today,again,ENG
Mujhe bilkul time nahi mila but I overslept again today,today,ENG
Mujhe bilkul time nahi mila but I'm literally so tired,Mujhe,URD
Mujhe bilkul time nahi mila but I'm literally so tired,bilkul,URD
Mujhe bilkul time nahi mila but I'm literally so tired,time,ENG
Mujhe bilkul time nahi mila but I'm literally so tired,nahi,URD
Mujhe bilkul time nahi mila but I'm literally so tired,mila,URD
Mujhe bilkul time nahi mila but I'm literally so tired,but,ENG
Mujhe bilkul time nahi mila but I'm literally so tired,I'm,ENG
Mujhe bilkul time nahi mila but I'm literally so tired,literally,ENG
Mujhe bilkul time nahi mila but I'm literally so tired,so,ENG
Mujhe bilkul time nahi mila but I'm literally so tired,tired,ENG
Aaj mera mood nahi hai so the results come out tomorrow,Aaj,URD
Aaj mera mood nahi hai so the results come out tomorrow,mera,URD
Aaj mera mood nahi hai so the results come out tomorrow,mood,MIX
Aaj mera mood nahi hai so the results come out tomorrow,nahi,URD
Aaj mera mood nahi hai so the results come out tomorrow,hai,URD
Aaj mera mood nahi hai so the results come out tomorrow,so,ENG
Aaj mera mood nahi hai so the results come out tomorrow,the,ENG
Aaj mera mood nahi hai so the results come out tomorrow,results,ENG
Aaj mera mood nahi hai so the results come out tomorrow,come,ENG
Aaj mera mood nahi hai so the results come out tomorrow,out,ENG
Aaj mera mood nahi hai so the results come out tomorrow,tomorrow,ENG
Subha se sar dard ho raha hai lekin this is so frustrating,Subha,URD
Subha se sar dard ho raha hai lekin this is so frustrating,se,URD
Subha se sar dard ho raha hai lekin this is so frustrating,sar,URD
Subha se sar dard ho raha hai lekin this is so frustrating,dard,URD
Subha se sar dard ho raha hai lekin this is so frustrating,ho,URD
Subha se sar dard ho raha hai lekin this is so frustrating,raha,URD
Subha se sar dard ho raha hai lekin this is so frustrating,hai,URD
Subha se sar dard ho raha hai lekin this is so frustrating,lekin,URD
Subha se sar dard ho raha hai lekin this is so frustrating,this,ENG
Subha se sar dard ho raha hai lekin this is so frustrating,is,ENG
Subha se sar dard ho raha hai lekin this is so frustrating,so,ENG
Subha se sar dard ho raha hai lekin this is so frustrating,frustrating,ENG
Mujhe bilkul time nahi mila aur the results come out tomorrow,Mujhe,URD
Mujhe bilkul time nahi mila aur the results come out tomorrow,bilkul,URD
Mujhe bilkul time nahi mila aur the results come out tomorrow,time,ENG
Mujhe bilkul time nahi mila aur the results come out tomorrow,nahi,URD
Mujhe bilkul time nahi mila aur the results come out tomorrow,mila,URD
Mujhe bilkul time nahi mila aur the results come out tomorrow,aur,URD
Mujhe bilkul time nahi mila aur the results come out tomorrow,the,ENG
Mujhe bilkul time nahi mila aur the results come out tomorrow,results,ENG
Mujhe bilkul time nahi mila aur the results come out tomorrow,come,ENG
Mujhe bilkul time nahi mila aur the results come out tomorrow,out,ENG
Mujhe bilkul time nahi mila aur the results come out tomorrow,tomorrow,ENG
"Yaar tension mat lo, I was literally waiting for you",Yaar,URD
"Yaar tension mat lo, I was literally waiting for you",tension,ENG
"Yaar tension mat lo, I was literally waiting for you",mat,URD
"Yaar tension mat lo, I was literally waiting for you",lo,URD
"Yaar tension mat lo, I was literally waiting for you",I,ENG
"Yaar tension mat lo, I was literally waiting for you",was,ENG
"Yaar tension mat lo, I was literally waiting for you",literally,ENG
"Yaar tension mat lo, I was literally waiting for you",waiting,ENG
"Yaar tension mat lo, I was literally waiting for you",for,ENG
"Yaar tension mat lo, I was literally waiting for you",you,ENG
Aaj bohot garmi hai so I have zero motivation today,Aaj,URD
Aaj bohot garmi hai so I have zero motivation today,bohot,URD
Aaj bohot garmi hai so I have zero motivation today,garmi,URD
Aaj bohot garmi hai so I have zero motivation today,hai,URD
Aaj bohot garmi hai so I have zero motivation today,so,ENG
Aaj bohot garmi hai so I have zero motivation today,I,ENG
Aaj bohot garmi hai so I have zero motivation today,have,ENG
Aaj bohot garmi hai so I have zero motivation today,zero,ENG
Aaj bohot garmi hai so I have zero motivation today,motivation,ENG
Aaj bohot garmi hai so I have zero motivation today,today,ENG
Bohot thak gaya hoon so the wifi keeps disconnecting,Bohot,URD
Bohot thak gaya hoon so the wifi keeps disconnecting,thak,URD
Bohot thak gaya hoon so the wifi keeps disconnecting,gaya,URD
Bohot thak gaya hoon so the wifi keeps disconnecting,hoon,URD
Bohot thak gaya hoon so the wifi keeps disconnecting,so,ENG
Bohot thak gaya hoon so the wifi keeps disconnecting,the,ENG
Bohot thak gaya hoon so the wifi keeps disconnecting,wifi,ENG
Bohot thak gaya hoon so the wifi keeps disconnecting,keeps,ENG
Bohot thak gaya hoon so the wifi keeps disconnecting,disconnecting,ENG
Bahar bohot barish ho rahi hai so everyone is so stressed,Bahar,URD
Bahar bohot barish ho rahi hai so everyone is so stressed,bohot,URD
Bahar bohot barish ho rahi hai so everyone is so stressed,barish,URD
Bahar bohot barish ho rahi hai so everyone is so stressed,ho,URD
Bahar bohot barish ho rahi hai so everyone is so stressed,rahi,URD
Bahar bohot barish ho rahi hai so everyone is so stressed,hai,URD
Bahar bohot barish ho rahi hai so everyone is so stressed,so,ENG
Bahar bohot barish ho rahi hai so everyone is so stressed,everyone,ENG
Bahar bohot barish ho rahi hai so everyone is so stressed,is,ENG
Bahar bohot barish ho rahi hai so everyone is so stressed,so,ENG
Bahar bohot barish ho rahi hai so everyone is so stressed,stressed,ENG
"Mujhe bilkul time nahi mila, everyone is so stressed",Mujhe,URD
"Mujhe bilkul time nahi mila, everyone is so stressed",bilkul,URD
"Mujhe bilkul time nahi mila, everyone is so stressed",time,ENG
"Mujhe bilkul time nahi mila, everyone is so stressed",nahi,URD
"Mujhe bilkul time nahi mila, everyone is so stressed",mila,URD
"Mujhe bilkul time nahi mila, everyone is so stressed",everyone,ENG
"Mujhe bilkul time nahi mila, everyone is so stressed",is,ENG
"Mujhe bilkul time nahi mila, everyone is so stressed",so,ENG
"Mujhe bilkul time nahi mila, everyone is so stressed",stressed,ENG
Kal ka din bohot acha tha and I can't even right now,Kal,URD
Kal ka din bohot acha tha and I can't even right now,ka,URD
Kal ka din bohot acha tha and I can't even right now,din,URD
Kal ka din bohot acha tha and I can't even right now,bohot,URD
Kal ka din bohot acha tha and I can't even right now,acha,URD
Kal ka din bohot acha tha and I can't even right now,tha,URD
Kal ka din bohot acha tha and I can't even right now,and,ENG
Kal ka din bohot acha tha and I can't even right now,I,ENG
Kal ka din bohot acha tha and I can't even right now,can't,ENG
Kal ka din bohot acha tha and I can't even right now,even,ENG
Kal ka din bohot acha tha and I can't even right now,right,ENG
Kal ka din bohot acha tha and I can't even right now,now,ENG
Subha se sar dard ho raha hai but honestly I don't care anymore,Subha,URD
Subha se sar dard ho raha hai but honestly I don't care anymore,se,URD
Subha se sar dard ho raha hai but honestly I don't care anymore,sar,URD
Subha se sar dard ho raha hai but honestly I don't care anymore,dard,URD
Subha se sar dard ho raha hai but honestly I don't care anymore,ho,URD
Subha se sar dard ho raha hai but honestly I don't care anymore,raha,URD
Subha se sar dard ho raha hai but honestly I don't care anymore,hai,URD
Subha se sar dard ho raha hai but honestly I don't care anymore,but,ENG
Subha se sar dard ho raha hai but honestly I don't care anymore,honestly,ENG
Subha se sar dard ho raha hai but honestly I don't care anymore,I,ENG
Subha se sar dard ho raha hai but honestly I don't care anymore,don't,ENG
Subha se sar dard ho raha hai but honestly I don't care anymore,care,ENG
Subha se sar dard ho raha hai but honestly I don't care anymore,anymore,ENG
Bhai kal mera presentation hai but the results come out tomorrow,Bhai,URD
Bhai kal mera presentation hai but the results come out tomorrow,kal,URD
Bhai kal mera presentation hai but the results come out tomorrow,mera,URD
Bhai kal mera presentation hai but the results come out tomorrow,presentation,MIX
Bhai kal mera presentation hai but the results come out tomorrow,hai,URD
Bhai kal mera presentation hai but the results come out tomorrow,but,ENG
Bhai kal mera presentation hai but the results come out tomorrow,the,ENG
Bhai kal mera presentation hai but the results come out tomorrow,results,ENG
Bhai kal mera presentation hai but the results come out tomorrow,come,ENG
Bhai kal mera presentation hai but the results come out tomorrow,out,ENG
Bhai kal mera presentation hai but the results come out tomorrow,tomorrow,ENG
Abhi tak reply nahi aya but I overslept again today,Abhi,URD
Abhi tak reply nahi aya but I overslept again today,tak,URD
Abhi tak reply nahi aya but I overslept again today,reply,ENG
Abhi tak reply nahi aya but I overslept again today,nahi,URD
Abhi tak reply nahi aya but I overslept again today,aya,URD
Abhi tak reply nahi aya but I overslept again today,but,ENG
Abhi tak reply nahi aya but I overslept again today,I,ENG
Abhi tak reply nahi aya but I overslept again today,overslept,ENG
Abhi tak reply nahi aya but I overslept again today,again,ENG
Abhi tak reply nahi aya but I overslept again today,today,ENG
Sab kuch theek chal raha hai so the results come out tomorrow,Sab,URD
Sab kuch theek chal raha hai so the results come out tomorrow,kuch,URD
Sab kuch theek chal raha hai so the results come out tomorrow,theek,URD
Sab kuch theek chal raha hai so the results come out tomorrow,chal,URD
Sab kuch theek chal raha hai so the results come out tomorrow,raha,URD
Sab kuch theek chal raha hai so the results come out tomorrow,hai,URD
Sab kuch theek chal raha hai so the results come out tomorrow,so,ENG
Sab kuch theek chal raha hai so the results come out tomorrow,the,ENG
Sab kuch theek chal raha hai so the results come out tomorrow,results,ENG
Sab kuch theek chal raha hai so the results come out tomorrow,come,ENG
Sab kuch theek chal raha hai so the results come out tomorrow,out,ENG
Sab kuch theek chal raha hai so the results come out tomorrow,tomorrow,ENG
"Mujhe abhi ghar pohanchna hai, the results come out tomorrow",Mujhe,URD
"Mujhe abhi ghar pohanchna hai, the results come out tomorrow",abhi,URD
"Mujhe abhi ghar pohanchna hai, the results come out tomorrow",ghar,URD
"Mujhe abhi ghar pohanchna hai, the results come out tomorrow",pohanchna,URD
"Mujhe abhi ghar pohanchna hai, the results come out tomorrow",hai,URD
"Mujhe abhi ghar pohanchna hai, the results come out tomorrow",the,ENG
"Mujhe abhi ghar pohanchna hai, the results come out tomorrow",results,ENG
"Mujhe abhi ghar pohanchna hai, the results come out tomorrow",come,ENG
"Mujhe abhi ghar pohanchna hai, the results come out tomorrow",out,ENG
"Mujhe abhi ghar pohanchna hai, the results come out tomorrow",tomorrow,ENG
"Mujhe abhi ghar pohanchna hai, I need to submit the form",Mujhe,URD
"Mujhe abhi ghar pohanchna hai, I need to submit the form",abhi,URD
"Mujhe abhi ghar pohanchna hai, I need to submit the form",ghar,URD
"Mujhe abhi ghar pohanchna hai, I need to submit the form",pohanchna,URD
"Mujhe abhi ghar pohanchna hai, I need to submit the form",hai,URD
"Mujhe abhi ghar pohanchna hai, I need to submit the form",I,ENG
"Mujhe abhi ghar pohanchna hai, I need to submit the form",need,ENG
"Mujhe abhi ghar pohanchna hai, I need to submit the form",to,ENG
"Mujhe abhi ghar pohanchna hai, I need to submit the form",submit,ENG
"Mujhe abhi ghar pohanchna hai, I need to submit the form",the,ENG
"Mujhe abhi ghar pohanchna hai, I need to submit the form",form,ENG
Yaar tension mat lo phir I need a break honestly,Yaar,URD
Yaar tension mat lo phir I need a break honestly,tension,ENG
Yaar tension mat lo phir I need a break honestly,mat,URD
Yaar tension mat lo phir I need a break honestly,lo,URD
Yaar tension mat lo phir I need a break honestly,phir,URD
Yaar tension mat lo phir I need a break honestly,I,ENG
Yaar tension mat lo phir I need a break honestly,need,ENG
Yaar tension mat lo phir I need a break honestly,a,ENG
Yaar tension mat lo phir I need a break honestly,break,ENG
Yaar tension mat lo phir I need a break honestly,honestly,ENG
Kal raat neend hi nahi aayi aur I need a break honestly,Kal,URD
Kal raat neend hi nahi aayi aur I need a break honestly,raat,URD
Kal raat neend hi nahi aayi aur I need a break honestly,neend,URD
Kal raat neend hi nahi aayi aur I need a break honestly,hi,URD
Kal raat neend hi nahi aayi aur I need a break honestly,nahi,URD
Kal raat neend hi nahi aayi aur I need a break honestly,aayi,URD
Kal raat neend hi nahi aayi aur I need a break honestly,aur,URD
Kal raat neend hi nahi aayi aur I need a break honestly,I,ENG
Kal raat neend hi nahi aayi aur I need a break honestly,need,ENG
Kal raat neend hi nahi aayi aur I need a break honestly,a,ENG
Kal raat neend hi nahi aayi aur I need a break honestly,break,ENG
Kal raat neend hi nahi aayi aur I need a break honestly,honestly,ENG
Mujhe bilkul time nahi mila and I have an assignment due,Mujhe,URD
Mujhe bilkul time nahi mila and I have an assignment due,bilkul,URD
Mujhe bilkul time nahi mila and I have an assignment due,time,ENG
Mujhe bilkul time nahi mila and I have an assignment due,nahi,URD
Mujhe bilkul time nahi mila and I have an assignment due,mila,URD
Mujhe bilkul time nahi mila and I have an assignment due,and,ENG
Mujhe bilkul time nahi mila and I have an assignment due,I,ENG
Mujhe bilkul time nahi mila and I have an assignment due,have,ENG
Mujhe bilkul time nahi mila and I have an assignment due,an,ENG
Mujhe bilkul time nahi mila and I have an assignment due,assignment,ENG
Mujhe bilkul time nahi mila and I have an assignment due,due,ENG
Aaj mera mood nahi hai so this is so frustrating,Aaj,URD
Aaj mera mood nahi hai so this is so frustrating,mera,URD
Aaj mera mood nahi hai so this is so frustrating,mood,MIX
Aaj mera mood nahi hai so this is so frustrating,nahi,URD
Aaj mera mood nahi hai so this is so frustrating,hai,URD
Aaj mera mood nahi hai so this is so frustrating,so,ENG
Aaj mera mood nahi hai so this is so frustrating,this,ENG
Aaj mera mood nahi hai so this is so frustrating,is,ENG
Aaj mera mood nahi hai so this is so frustrating,so,ENG
Aaj mera mood nahi hai so this is so frustrating,frustrating,ENG
"Dil nahi kar raha kuch bhi karne ka, everyone is so stressed",Dil,URD
"Dil nahi kar raha kuch bhi karne ka, everyone is so stressed",nahi,URD
"Dil nahi kar raha kuch bhi karne ka, everyone is so stressed",kar,URD
"Dil nahi kar raha kuch bhi karne ka, everyone is so stressed",raha,URD
"Dil nahi kar raha kuch bhi karne ka, everyone is so stressed",kuch,URD
"Dil nahi kar raha kuch bhi karne ka, everyone is so stressed",bhi,URD
"Dil nahi kar raha kuch bhi karne ka, everyone is so stressed",karne,URD
"Dil nahi kar raha kuch bhi karne ka, everyone is so stressed",ka,URD
"Dil nahi kar raha kuch bhi karne ka, everyone is so stressed",everyone,ENG
"Dil nahi kar raha kuch bhi karne ka, everyone is so stressed",is,ENG
"Dil nahi kar raha kuch bhi karne ka, everyone is so stressed",so,ENG
"Dil nahi kar raha kuch bhi karne ka, everyone is so stressed",stressed,ENG
Yaar tension mat lo so I have zero motivation today,Yaar,URD
Yaar tension mat lo so I have zero motivation today,tension,ENG
Yaar tension mat lo so I have zero motivation today,mat,URD
Yaar tension mat lo so I have zero motivation today,lo,URD
Yaar tension mat lo so I have zero motivation today,so,ENG
Yaar tension mat lo so I have zero motivation today,I,ENG
Yaar tension mat lo so I have zero motivation today,have,ENG
Yaar tension mat lo so I have zero motivation today,zero,ENG
Yaar tension mat lo so I have zero motivation today,motivation,ENG
Yaar tension mat lo so I have zero motivation today,today,ENG
Kal se exams start ho rahe hain but everyone is so stressed,Kal,URD
Kal se exams start ho rahe hain but everyone is so stressed,se,URD
Kal se exams start ho rahe hain but everyone is so stressed,exams,ENG
Kal se exams start ho rahe hain but everyone is so stressed,start,ENG
Kal se exams start ho rahe hain but everyone is so stressed,ho,URD
Kal se exams start ho rahe hain but everyone is so stressed,rahe,URD
Kal se exams start ho rahe hain but everyone is so stressed,hain,URD
Kal se exams start ho rahe hain but everyone is so stressed,but,ENG
Kal se exams start ho rahe hain but everyone is so stressed,everyone,ENG
Kal se exams start ho rahe hain but everyone is so stressed,is,ENG
Kal se exams start ho rahe hain but everyone is so stressed,so,ENG
Kal se exams start ho rahe hain but everyone is so stressed,stressed,ENG
Abhi tak reply nahi aya aur still not prepared at all,Abhi,URD
Abhi tak reply nahi aya aur still not prepared at all,tak,URD
Abhi tak reply nahi aya aur still not prepared at all,reply,ENG
Abhi tak reply nahi aya aur still not prepared at all,nahi,URD
Abhi tak reply nahi aya aur still not prepared at all,aya,URD
Abhi tak reply nahi aya aur still not prepared at all,aur,URD
Abhi tak reply nahi aya aur still not prepared at all,still,ENG
Abhi tak reply nahi aya aur still not prepared at all,not,ENG
Abhi tak reply nahi aya aur still not prepared at all,prepared,ENG
Abhi tak reply nahi aya aur still not prepared at all,at,ENG
Abhi tak reply nahi aya aur still not prepared at all,all,ENG
Mujhe abhi ghar pohanchna hai but this is so frustrating,Mujhe,URD
Mujhe abhi ghar pohanchna hai but this is so frustrating,abhi,URD
Mujhe abhi ghar pohanchna hai but this is so frustrating,ghar,URD
Mujhe abhi ghar pohanchna hai but this is so frustrating,pohanchna,URD
Mujhe abhi ghar pohanchna hai but this is so frustrating,hai,URD
Mujhe abhi ghar pohanchna hai but this is so frustrating,but,ENG
Mujhe abhi ghar pohanchna hai but this is so frustrating,this,ENG
Mujhe abhi ghar pohanchna hai but this is so frustrating,is,ENG
Mujhe abhi ghar pohanchna hai but this is so frustrating,so,ENG
Mujhe abhi ghar pohanchna hai but this is so frustrating,frustrating,ENG
Ammi ne biryani banayi hai lekin the results come out tomorrow,Ammi,URD
Ammi ne biryani banayi hai lekin the results come out tomorrow,ne,URD
Ammi ne biryani banayi hai lekin the results come out tomorrow,biryani,URD
Ammi ne biryani banayi hai lekin the results come out tomorrow,banayi,URD
Ammi ne biryani banayi hai lekin the results come out tomorrow,hai,URD
Ammi ne biryani banayi hai lekin the results come out tomorrow,lekin,URD
Ammi ne biryani banayi hai lekin the results come out tomorrow,the,ENG
Ammi ne biryani banayi hai lekin the results come out tomorrow,results,ENG
Ammi ne biryani banayi hai lekin the results come out tomorrow,come,ENG
Ammi ne biryani banayi hai lekin the results come out tomorrow,out,ENG
Ammi ne biryani banayi hai lekin the results come out tomorrow,tomorrow,ENG
Bahar bohot barish ho rahi hai lekin still not prepared at all,Bahar,URD
Bahar bohot barish ho rahi hai lekin still not prepared at all,bohot,URD
Bahar bohot barish ho rahi hai lekin still not prepared at all,barish,URD
Bahar bohot barish ho rahi hai lekin still not prepared at all,ho,URD
Bahar bohot barish ho rahi hai lekin still not prepared at all,rahi,URD
Bahar bohot barish ho rahi hai lekin still not prepared at all,hai,URD
Bahar bohot barish ho rahi hai lekin still not prepared at all,lekin,URD
Bahar bohot barish ho rahi hai lekin still not prepared at all,still,ENG
Bahar bohot barish ho rahi hai lekin still not prepared at all,not,ENG
Bahar bohot barish ho rahi hai lekin still not prepared at all,prepared,ENG
Bahar bohot barish ho rahi hai lekin still not prepared at all,at,ENG
Bahar bohot barish ho rahi hai lekin still not prepared at all,all,ENG
Ye traffic bilkul insane hai aur let's just get this done,Ye,URD
Ye traffic bilkul insane hai aur let's just get this done,traffic,ENG
Ye traffic bilkul insane hai aur let's just get this done,bilkul,URD
Ye traffic bilkul insane hai aur let's just get this done,insane,ENG
Ye traffic bilkul insane hai aur let's just get this done,hai,URD
Ye traffic bilkul insane hai aur let's just get this done,aur,URD
Ye traffic bilkul insane hai aur let's just get this done,let's,ENG
Ye traffic bilkul insane hai aur let's just get this done,just,ENG
Ye traffic bilkul insane hai aur let's just get this done,get,ENG
Ye traffic bilkul insane hai aur let's just get this done,this,ENG
Ye traffic bilkul insane hai aur let's just get this done,done,ENG
Yaar tension mat lo but I'm running late again,Yaar,URD
Yaar tension mat lo but I'm running late again,tension,ENG
Yaar tension mat lo but I'm running late again,mat,URD
Yaar tension mat lo but I'm running late again,lo,URD
Yaar tension mat lo but I'm running late again,but,ENG
Yaar tension mat lo but I'm running late again,I'm,ENG
Yaar tension mat lo but I'm running late again,running,ENG
Yaar tension mat lo but I'm running late again,late,ENG
Yaar tension mat lo but I'm running late again,again,ENG
Ye traffic bilkul insane hai lekin had 3 meetings back to back,Ye,URD
Ye traffic bilkul insane hai lekin had 3 meetings back to back,traffic,ENG
Ye traffic bilkul insane hai lekin had 3 meetings back to back,bilkul,URD
Ye traffic bilkul insane hai lekin had 3 meetings back to back,insane,ENG
Ye traffic bilkul insane hai lekin had 3 meetings back to back,hai,URD
Ye traffic bilkul insane hai lekin had 3 meetings back to back,lekin,URD
Ye traffic bilkul insane hai lekin had 3 meetings back to back,had,ENG
Ye traffic bilkul insane hai lekin had 3 meetings back to back,3,ENG
Ye traffic bilkul insane hai lekin had 3 meetings back to back,meetings,ENG
Ye traffic bilkul insane hai lekin had 3 meetings back to back,back,ENG
Ye traffic bilkul insane hai lekin had 3 meetings back to back,to,ENG
Ye traffic bilkul insane hai lekin had 3 meetings back to back,back,ENG
"Sab kuch theek chal raha hai, I need to submit the form",Sab,URD
"Sab kuch theek chal raha hai, I need to submit the form",kuch,URD
"Sab kuch theek chal raha hai, I need to submit the form",theek,URD
"Sab kuch theek chal raha hai, I need to submit the form",chal,URD
"Sab kuch theek chal raha hai, I need to submit the form",raha,URD
"Sab kuch theek chal raha hai, I need to submit the form",hai,URD
"Sab kuch theek chal raha hai, I need to submit the form",I,ENG
"Sab kuch theek chal raha hai, I need to submit the form",need,ENG
"Sab kuch theek chal raha hai, I need to submit the form",to,ENG
"Sab kuch theek chal raha hai, I need to submit the form",submit,ENG
"Sab kuch theek chal raha hai, I need to submit the form",the,ENG
"Sab kuch theek chal raha hai, I need to submit the form",form,ENG
Ye traffic bilkul insane hai so I have zero motivation today,Ye,URD
Ye traffic bilkul insane hai so I have zero motivation today,traffic,ENG
Ye traffic bilkul insane hai so I have zero motivation today,bilkul,URD
Ye traffic bilkul insane hai so I have zero motivation today,insane,ENG
Ye traffic bilkul insane hai so I have zero motivation today,hai,URD
Ye traffic bilkul insane hai so I have zero motivation today,so,ENG
Ye traffic bilkul insane hai so I have zero motivation today,I,ENG
Ye traffic bilkul insane hai so I have zero motivation today,have,ENG
Ye traffic bilkul insane hai so I have zero motivation today,zero,ENG
Ye traffic bilkul insane hai so I have zero motivation today,motivation,ENG
Ye traffic bilkul insane hai so I have zero motivation today,today,ENG
Mera phone hang ho gaya hai but I have zero motivation today,Mera,URD
Mera phone hang ho gaya hai but I have zero motivation today,phone,ENG
Mera phone hang ho gaya hai but I have zero motivation today,hang,ENG
Mera phone hang ho gaya hai but I have zero motivation today,ho,URD
Mera phone hang ho gaya hai but I have zero motivation today,gaya,URD
Mera phone hang ho gaya hai but I have zero motivation today,hai,URD
Mera phone hang ho gaya hai but I have zero motivation today,but,ENG
Mera phone hang ho gaya hai but I have zero motivation today,I,ENG
Mera phone hang ho gaya hai but I have zero motivation today,have,ENG
Mera phone hang ho gaya hai but I have zero motivation today,zero,ENG
Mera phone hang ho gaya hai but I have zero motivation today,motivation,ENG
Mera phone hang ho gaya hai but I have zero motivation today,today,ENG
Dil nahi kar raha kuch bhi karne ka aur I need a break honestly,Dil,URD
Dil nahi kar raha kuch bhi karne ka aur I need a break honestly,nahi,URD
Dil nahi kar raha kuch bhi karne ka aur I need a break honestly,kar,URD
Dil nahi kar raha kuch bhi karne ka aur I need a break honestly,raha,URD
Dil nahi kar raha kuch bhi karne ka aur I need a break honestly,kuch,URD
Dil nahi kar raha kuch bhi karne ka aur I need a break honestly,bhi,URD
Dil nahi kar raha kuch bhi karne ka aur I need a break honestly,karne,URD
Dil nahi kar raha kuch bhi karne ka aur I need a break honestly,ka,URD
Dil nahi kar raha kuch bhi karne ka aur I need a break honestly,aur,URD
Dil nahi kar raha kuch bhi karne ka aur I need a break honestly,I,ENG
Dil nahi kar raha kuch bhi karne ka aur I need a break honestly,need,ENG
Dil nahi kar raha kuch bhi karne ka aur I need a break honestly,a,ENG
Dil nahi kar raha kuch bhi karne ka aur I need a break honestly,break,ENG
Dil nahi kar raha kuch bhi karne ka aur I need a break honestly,honestly,ENG
Subha se sar dard ho raha hai but still not prepared at all,Subha,URD
Subha se sar dard ho raha hai but still not prepared at all,se,URD
Subha se sar dard ho raha hai but still not prepared at all,sar,URD
Subha se sar dard ho raha hai but still not prepared at all,dard,URD
Subha se sar dard ho raha hai but still not prepared at all,ho,URD
Subha se sar dard ho raha hai but still not prepared at all,raha,URD
Subha se sar dard ho raha hai but still not prepared at all,hai,URD
Subha se sar dard ho raha hai but still not prepared at all,but,ENG
Subha se sar dard ho raha hai but still not prepared at all,still,ENG
Subha se sar dard ho raha hai but still not prepared at all,not,ENG
Subha se sar dard ho raha hai but still not prepared at all,prepared,ENG
Subha se sar dard ho raha hai but still not prepared at all,at,ENG
Subha se sar dard ho raha hai but still not prepared at all,all,ENG
Aaj mera mood nahi hai lekin the results come out tomorrow,Aaj,URD
Aaj mera mood nahi hai lekin the results come out tomorrow,mera,URD
Aaj mera mood nahi hai lekin the results come out tomorrow,mood,MIX
Aaj mera mood nahi hai lekin the results come out tomorrow,nahi,URD
Aaj mera mood nahi hai lekin the results come out tomorrow,hai,URD
Aaj mera mood nahi hai lekin the results come out tomorrow,lekin,URD
Aaj mera mood nahi hai lekin the results come out tomorrow,the,ENG
Aaj mera mood nahi hai lekin the results come out tomorrow,results,ENG
Aaj mera mood nahi hai lekin the results come out tomorrow,come,ENG
Aaj mera mood nahi hai lekin the results come out tomorrow,out,ENG
Aaj mera mood nahi hai lekin the results come out tomorrow,tomorrow,ENG
Ammi ne kaha ghar jaldi aa jao but the deadline is tomorrow,Ammi,URD
Ammi ne kaha ghar jaldi aa jao but the deadline is tomorrow,ne,URD
Ammi ne kaha ghar jaldi aa jao but the deadline is tomorrow,kaha,URD
Ammi ne kaha ghar jaldi aa jao but the deadline is tomorrow,ghar,URD
Ammi ne kaha ghar jaldi aa jao but the deadline is tomorrow,jaldi,URD
Ammi ne kaha ghar jaldi aa jao but the deadline is tomorrow,aa,URD
Ammi ne kaha ghar jaldi aa jao but the deadline is tomorrow,jao,URD
Ammi ne kaha ghar jaldi aa jao but the deadline is tomorrow,but,ENG
Ammi ne kaha ghar jaldi aa jao but the deadline is tomorrow,the,ENG
Ammi ne kaha ghar jaldi aa jao but the deadline is tomorrow,deadline,ENG
Ammi ne kaha ghar jaldi aa jao but the deadline is tomorrow,is,ENG
Ammi ne kaha ghar jaldi aa jao but the deadline is tomorrow,tomorrow,ENG
Bhai kal mera presentation hai phir I'm literally so tired,Bhai,URD
Bhai kal mera presentation hai phir I'm literally so tired,kal,URD
Bhai kal mera presentation hai phir I'm literally so tired,mera,URD
Bhai kal mera presentation hai phir I'm literally so tired,presentation,MIX
Bhai kal mera presentation hai phir I'm literally so tired,hai,URD
Bhai kal mera presentation hai phir I'm literally so tired,phir,URD
Bhai kal mera presentation hai phir I'm literally so tired,I'm,ENG
Bhai kal mera presentation hai phir I'm literally so tired,literally,ENG
Bhai kal mera presentation hai phir I'm literally so tired,so,ENG
Bhai kal mera presentation hai phir I'm literally so tired,tired,ENG
Ghar par sab log so gaye hain so I overslept again today,Ghar,URD
Ghar par sab log so gaye hain so I overslept again today,par,URD
Ghar par sab log so gaye hain so I overslept again today,sab,URD
Ghar par sab log so gaye hain so I overslept again today,log,URD
Ghar par sab log so gaye hain so I overslept again today,so,URD
Ghar par sab log so gaye hain so I overslept again today,gaye,URD
Ghar par sab log so gaye hain so I overslept again today,hain,URD
Ghar par sab log so gaye hain so I overslept again today,so,ENG
Ghar par sab log so gaye hain so I overslept again today,I,ENG
Ghar par sab log so gaye hain so I overslept again today,overslept,ENG
Ghar par sab log so gaye hain so I overslept again today,again,ENG
Ghar par sab log so gaye hain so I overslept again today,today,ENG
Mera phone hang ho gaya hai so the results come out tomorrow,Mera,URD
Mera phone hang ho gaya hai so the results come out tomorrow,phone,ENG
Mera phone hang ho gaya hai so the results come out tomorrow,hang,ENG
Mera phone hang ho gaya hai so the results come out tomorrow,ho,URD
Mera phone hang ho gaya hai so the results come out tomorrow,gaya,URD
Mera phone hang ho gaya hai so the results come out tomorrow,hai,URD
Mera phone hang ho gaya hai so the results come out tomorrow,so,ENG
Mera phone hang ho gaya hai so the results come out tomorrow,the,ENG
Mera phone hang ho gaya hai so the results come out tomorrow,results,ENG
Mera phone hang ho gaya hai so the results come out tomorrow,come,ENG
Mera phone hang ho gaya hai so the results come out tomorrow,out,ENG
Mera phone hang ho gaya hai so the results come out tomorrow,tomorrow,ENG
Bhai kal mera presentation hai aur can we reschedule the call,Bhai,URD
Bhai kal mera presentation hai aur can we reschedule the call,kal,URD
Bhai kal mera presentation hai aur can we reschedule the call,mera,URD
Bhai kal mera presentation hai aur can we reschedule the call,presentation,MIX
Bhai kal mera presentation hai aur can we reschedule the call,hai,URD
Bhai kal mera presentation hai aur can we reschedule the call,aur,URD
Bhai kal mera presentation hai aur can we reschedule the call,can,ENG
Bhai kal mera presentation hai aur can we reschedule the call,we,ENG
Bhai kal mera presentation hai aur can we reschedule the call,reschedule,ENG
Bhai kal mera presentation hai aur can we reschedule the call,the,ENG
Bhai kal mera presentation hai aur can we reschedule the call,call,ENG
honestly I don't care anymore so Ammi ne kaha ghar jaldi aa jao,honestly,ENG
honestly I don't care anymore so Ammi ne kaha ghar jaldi aa jao,I,ENG
honestly I don't care anymore so Ammi ne kaha ghar jaldi aa jao,don't,ENG
honestly I don't care anymore so Ammi ne kaha ghar jaldi aa jao,care,ENG
honestly I don't care anymore so Ammi ne kaha ghar jaldi aa jao,anymore,ENG
honestly I don't care anymore so Ammi ne kaha ghar jaldi aa jao,so,ENG
honestly I don't care anymore so Ammi ne kaha ghar jaldi aa jao,Ammi,URD
honestly I don't care anymore so Ammi ne kaha ghar jaldi aa jao,ne,URD
honestly I don't care anymore so Ammi ne kaha ghar jaldi aa jao,kaha,URD
honestly I don't care anymore so Ammi ne kaha ghar jaldi aa jao,ghar,URD
honestly I don't care anymore so Ammi ne kaha ghar jaldi aa jao,jaldi,URD
honestly I don't care anymore so Ammi ne kaha ghar jaldi aa jao,aa,URD
honestly I don't care anymore so Ammi ne kaha ghar jaldi aa jao,jao,URD
I can't even right now lekin Aaj bohot garmi hai,I,ENG
I can't even right now lekin Aaj bohot garmi hai,can't,ENG
I can't even right now lekin Aaj bohot garmi hai,even,ENG
I can't even right now lekin Aaj bohot garmi hai,right,ENG
I can't even right now lekin Aaj bohot garmi hai,now,ENG
I can't even right now lekin Aaj bohot garmi hai,lekin,URD
I can't even right now lekin Aaj bohot garmi hai,Aaj,URD
I can't even right now lekin Aaj bohot garmi hai,bohot,URD
I can't even right now lekin Aaj bohot garmi hai,garmi,URD
I can't even right now lekin Aaj bohot garmi hai,hai,URD
"I was literally waiting for you, Ye traffic bilkul insane hai",I,ENG
"I was literally waiting for you, Ye traffic bilkul insane hai",was,ENG
"I was literally waiting for you, Ye traffic bilkul insane hai",literally,ENG
"I was literally waiting for you, Ye traffic bilkul insane hai",waiting,ENG
"I was literally waiting for you, Ye traffic bilkul insane hai",for,ENG
"I was literally waiting for you, Ye traffic bilkul insane hai",you,ENG
"I was literally waiting for you, Ye traffic bilkul insane hai",Ye,URD
"I was literally waiting for you, Ye traffic bilkul insane hai",traffic,ENG
"I was literally waiting for you, Ye traffic bilkul insane hai",bilkul,URD
"I was literally waiting for you, Ye traffic bilkul insane hai",insane,ENG
"I was literally waiting for you, Ye traffic bilkul insane hai",hai,URD
I need to submit the form lekin Subha se sar dard ho raha hai,I,ENG
I need to submit the form lekin Subha se sar dard ho raha hai,need,ENG
I need to submit the form lekin Subha se sar dard ho raha hai,to,ENG
I need to submit the form lekin Subha se sar dard ho raha hai,submit,ENG
I need to submit the form lekin Subha se sar dard ho raha hai,the,ENG
I need to submit the form lekin Subha se sar dard ho raha hai,form,ENG
I need to submit the form lekin Subha se sar dard ho raha hai,lekin,URD
I need to submit the form lekin Subha se sar dard ho raha hai,Subha,URD
I need to submit the form lekin Subha se sar dard ho raha hai,se,URD
I need to submit the form lekin Subha se sar dard ho raha hai,sar,URD
I need to submit the form lekin Subha se sar dard ho raha hai,dard,URD
I need to submit the form lekin Subha se sar dard ho raha hai,ho,URD
I need to submit the form lekin Subha se sar dard ho raha hai,raha,URD
I need to submit the form lekin Subha se sar dard ho raha hai,hai,URD
the deadline is tomorrow lekin Aaj mera mood nahi hai,the,ENG
the deadline is tomorrow lekin Aaj mera mood nahi hai,deadline,ENG
the deadline is tomorrow lekin Aaj mera mood nahi hai,is,ENG
the deadline is tomorrow lekin Aaj mera mood nahi hai,tomorrow,ENG
the deadline is tomorrow lekin Aaj mera mood nahi hai,lekin,URD
the deadline is tomorrow lekin Aaj mera mood nahi hai,Aaj,URD
the deadline is tomorrow lekin Aaj mera mood nahi hai,mera,URD
the deadline is tomorrow lekin Aaj mera mood nahi hai,mood,MIX
the deadline is tomorrow lekin Aaj mera mood nahi hai,nahi,URD
the deadline is tomorrow lekin Aaj mera mood nahi hai,hai,URD
this project is due Friday but Yaar tension mat lo,this,ENG
this project is due Friday but Yaar tension mat lo,project,ENG
this project is due Friday but Yaar tension mat lo,is,ENG
this project is due Friday but Yaar tension mat lo,due,ENG
this project is due Friday but Yaar tension mat lo,Friday,ENG
this project is due Friday but Yaar tension mat lo,but,ENG
this project is due Friday but Yaar tension mat lo,Yaar,URD
this project is due Friday but Yaar tension mat lo,tension,ENG
this project is due Friday but Yaar tension mat lo,mat,URD
this project is due Friday but Yaar tension mat lo,lo,URD
it's not a big deal lekin Mujhe office jaldi jana hai,it's,ENG
it's not a big deal lekin Mujhe office jaldi jana hai,not,ENG
it's not a big deal lekin Mujhe office jaldi jana hai,a,ENG
it's not a big deal lekin Mujhe office jaldi jana hai,big,ENG
it's not a big deal lekin Mujhe office jaldi jana hai,deal,ENG
it's not a big deal lekin Mujhe office jaldi jana hai,lekin,URD
it's not a big deal lekin Mujhe office jaldi jana hai,Mujhe,URD
it's not a big deal lekin Mujhe office jaldi jana hai,office,ENG
it's not a big deal lekin Mujhe office jaldi jana hai,jaldi,URD
it's not a big deal lekin Mujhe office jaldi jana hai,jana,URD
it's not a big deal lekin Mujhe office jaldi jana hai,hai,URD
it's not a big deal and Ghar par sab log so gaye hain,it's,ENG
it's not a big deal and Ghar par sab log so gaye hain,not,ENG
it's not a big deal and Ghar par sab log so gaye hain,a,ENG
it's not a big deal and Ghar par sab log so gaye hain,big,ENG
it's not a big deal and Ghar par sab log so gaye hain,deal,ENG
it's not a big deal and Ghar par sab log so gaye hain,and,ENG
it's not a big deal and Ghar par sab log so gaye hain,Ghar,URD
it's not a big deal and Ghar par sab log so gaye hain,par,URD
it's not a big deal and Ghar par sab log so gaye hain,sab,URD
it's not a big deal and Ghar par sab log so gaye hain,log,URD
it's not a big deal and Ghar par sab log so gaye hain,so,URD
it's not a big deal and Ghar par sab log so gaye hain,gaye,URD
it's not a big deal and Ghar par sab log so gaye hain,hain,URD
the results come out tomorrow phir Kal raat neend hi nahi aayi,the,ENG
the results come out tomorrow phir Kal raat neend hi nahi aayi,results,ENG
the results come out tomorrow phir Kal raat neend hi nahi aayi,come,ENG
the results come out tomorrow phir Kal raat neend hi nahi aayi,out,ENG
the results come out tomorrow phir Kal raat neend hi nahi aayi,tomorrow,ENG
the results come out tomorrow phir Kal raat neend hi nahi aayi,phir,URD
the results come out tomorrow phir Kal raat neend hi nahi aayi,Kal,URD
the results come out tomorrow phir Kal raat neend hi nahi aayi,raat,URD
the results come out tomorrow phir Kal raat neend hi nahi aayi,neend,URD
the results come out tomorrow phir Kal raat neend hi nahi aayi,hi,URD
the results come out tomorrow phir Kal raat neend hi nahi aayi,nahi,URD
the results come out tomorrow phir Kal raat neend hi nahi aayi,aayi,URD
everyone is so stressed phir Mera phone hang ho gaya hai,everyone,ENG
everyone is so stressed phir Mera phone hang ho gaya hai,is,ENG
everyone is so stressed phir Mera phone hang ho gaya hai,so,ENG
everyone is so stressed phir Mera phone hang ho gaya hai,stressed,ENG
everyone is so stressed phir Mera phone hang ho gaya hai,phir,URD
everyone is so stressed phir Mera phone hang ho gaya hai,Mera,URD
everyone is so stressed phir Mera phone hang ho gaya hai,phone,ENG
everyone is so stressed phir Mera phone hang ho gaya hai,hang,ENG
everyone is so stressed phir Mera phone hang ho gaya hai,ho,URD
everyone is so stressed phir Mera phone hang ho gaya hai,gaya,URD
everyone is so stressed phir Mera phone hang ho gaya hai,hai,URD
I totally forgot about it lekin Subha se sar dard ho raha hai,I,ENG
I totally forgot about it lekin Subha se sar dard ho raha hai,totally,ENG
I totally forgot about it lekin Subha se sar dard ho raha hai,forgot,ENG
I totally forgot about it lekin Subha se sar dard ho raha hai,about,ENG
I totally forgot about it lekin Subha se sar dard ho raha hai,it,ENG
I totally forgot about it lekin Subha se sar dard ho raha hai,lekin,URD
I totally forgot about it lekin Subha se sar dard ho raha hai,Subha,URD
I totally forgot about it lekin Subha se sar dard ho raha hai,se,URD
I totally forgot about it lekin Subha se sar dard ho raha hai,sar,URD
I totally forgot about it lekin Subha se sar dard ho raha hai,dard,URD
I totally forgot about it lekin Subha se sar dard ho raha hai,ho,URD
I totally forgot about it lekin Subha se sar dard ho raha hai,raha,URD
I totally forgot about it lekin Subha se sar dard ho raha hai,hai,URD
I need to submit the form and Ammi ne biryani banayi hai,I,ENG
I need to submit the form and Ammi ne biryani banayi hai,need,ENG
I need to submit the form and Ammi ne biryani banayi hai,to,ENG
I need to submit the form and Ammi ne biryani banayi hai,submit,ENG
I need to submit the form and Ammi ne biryani banayi hai,the,ENG
I need to submit the form and Ammi ne biryani banayi hai,form,ENG
I need to submit the form and Ammi ne biryani banayi hai,and,ENG
I need to submit the form and Ammi ne biryani banayi hai,Ammi,URD
I need to submit the form and Ammi ne biryani banayi hai,ne,URD
I need to submit the form and Ammi ne biryani banayi hai,biryani,URD
I need to submit the form and Ammi ne biryani banayi hai,banayi,URD
I need to submit the form and Ammi ne biryani banayi hai,hai,URD
the deadline is tomorrow so Ghar par sab log so gaye hain,the,ENG
the deadline is tomorrow so Ghar par sab log so gaye hain,deadline,ENG
the deadline is tomorrow so Ghar par sab log so gaye hain,is,ENG
the deadline is tomorrow so Ghar par sab log so gaye hain,tomorrow,ENG
the deadline is tomorrow so Ghar par sab log so gaye hain,so,ENG
the deadline is tomorrow so Ghar par sab log so gaye hain,Ghar,URD
the deadline is tomorrow so Ghar par sab log so gaye hain,par,URD
the deadline is tomorrow so Ghar par sab log so gaye hain,sab,URD
the deadline is tomorrow so Ghar par sab log so gaye hain,log,URD
the deadline is tomorrow so Ghar par sab log so gaye hain,so,URD
the deadline is tomorrow so Ghar par sab log so gaye hain,gaye,URD
the deadline is tomorrow so Ghar par sab log so gaye hain,hain,URD
the wifi keeps disconnecting but Bijli phir chali gayi,the,ENG
the wifi keeps disconnecting but Bijli phir chali gayi,wifi,ENG
the wifi keeps disconnecting but Bijli phir chali gayi,keeps,ENG
the wifi keeps disconnecting but Bijli phir chali gayi,disconnecting,ENG
the wifi keeps disconnecting but Bijli phir chali gayi,but,ENG
the wifi keeps disconnecting but Bijli phir chali gayi,Bijli,URD
the wifi keeps disconnecting but Bijli phir chali gayi,phir,URD
the wifi keeps disconnecting but Bijli phir chali gayi,chali,URD
the wifi keeps disconnecting but Bijli phir chali gayi,gayi,URD
let's just get this done phir Abhi tak reply nahi aya,let's,ENG
let's just get this done phir Abhi tak reply nahi aya,just,ENG
let's just get this done phir Abhi tak reply nahi aya,get,ENG
let's just get this done phir Abhi tak reply nahi aya,this,ENG
let's just get this done phir Abhi tak reply nahi aya,done,ENG
let's just get this done phir Abhi tak reply nahi aya,phir,URD
let's just get this done phir Abhi tak reply nahi aya,Abhi,URD
let's just get this done phir Abhi tak reply nahi aya,tak,URD
let's just get this done phir Abhi tak reply nahi aya,reply,ENG
let's just get this done phir Abhi tak reply nahi aya,nahi,URD
let's just get this done phir Abhi tak reply nahi aya,aya,URD
I'm not in the mood lekin Aaj mera mood nahi hai,I'm,ENG
I'm not in the mood lekin Aaj mera mood nahi hai,not,ENG
I'm not in the mood lekin Aaj mera mood nahi hai,in,ENG
I'm not in the mood lekin Aaj mera mood nahi hai,the,ENG
I'm not in the mood lekin Aaj mera mood nahi hai,mood,ENG
I'm not in the mood lekin Aaj mera mood nahi hai,lekin,URD
I'm not in the mood lekin Aaj mera mood nahi hai,Aaj,URD
I'm not in the mood lekin Aaj mera mood nahi hai,mera,URD
I'm not in the mood lekin Aaj mera mood nahi hai,mood,MIX
I'm not in the mood lekin Aaj mera mood nahi hai,nahi,URD
I'm not in the mood lekin Aaj mera mood nahi hai,hai,URD
the results come out tomorrow phir Mujhe abhi ghar pohanchna hai,the,ENG
the results come out tomorrow phir Mujhe abhi ghar pohanchna hai,results,ENG
the results come out tomorrow phir Mujhe abhi ghar pohanchna hai,come,ENG
the results come out tomorrow phir Mujhe abhi ghar pohanchna hai,out,ENG
the results come out tomorrow phir Mujhe abhi ghar pohanchna hai,tomorrow,ENG
the results come out tomorrow phir Mujhe abhi ghar pohanchna hai,phir,URD
the results come out tomorrow phir Mujhe abhi ghar pohanchna hai,Mujhe,URD
the results come out tomorrow phir Mujhe abhi ghar pohanchna hai,abhi,URD
the results come out tomorrow phir Mujhe abhi ghar pohanchna hai,ghar,URD
the results come out tomorrow phir Mujhe abhi ghar pohanchna hai,pohanchna,URD
the results come out tomorrow phir Mujhe abhi ghar pohanchna hai,hai,URD
nothing is working properly but Mera phone hang ho gaya hai,nothing,ENG
nothing is working properly but Mera phone hang ho gaya hai,is,ENG
nothing is working properly but Mera phone hang ho gaya hai,working,ENG
nothing is working properly but Mera phone hang ho gaya hai,properly,ENG
nothing is working properly but Mera phone hang ho gaya hai,but,ENG
nothing is working properly but Mera phone hang ho gaya hai,Mera,URD
nothing is working properly but Mera phone hang ho gaya hai,phone,ENG
nothing is working properly but Mera phone hang ho gaya hai,hang,ENG
nothing is working properly but Mera phone hang ho gaya hai,ho,URD
nothing is working properly but Mera phone hang ho gaya hai,gaya,URD
nothing is working properly but Mera phone hang ho gaya hai,hai,URD
"I can't even right now, Ghar par sab log so gaye hain",I,ENG
"I can't even right now, Ghar par sab log so gaye hain",can't,ENG
"I can't even right now, Ghar par sab log so gaye hain",even,ENG
"I can't even right now, Ghar par sab log so gaye hain",right,ENG
"I can't even right now, Ghar par sab log so gaye hain",now,ENG
"I can't even right now, Ghar par sab log so gaye hain",Ghar,URD
"I can't even right now, Ghar par sab log so gaye hain",par,URD
"I can't even right now, Ghar par sab log so gaye hain",sab,URD
"I can't even right now, Ghar par sab log so gaye hain",log,URD
"I can't even right now, Ghar par sab log so gaye hain",so,URD
"I can't even right now, Ghar par sab log so gaye hain",gaye,URD
"I can't even right now, Ghar par sab log so gaye hain",hain,URD
this is so frustrating so Mujhe bilkul time nahi mila,this,ENG
this is so frustrating so Mujhe bilkul time nahi mila,is,ENG
this is so frustrating so Mujhe bilkul time nahi mila,so,ENG
this is so frustrating so Mujhe bilkul time nahi mila,frustrating,ENG
this is so frustrating so Mujhe bilkul time nahi mila,so,ENG
this is so frustrating so Mujhe bilkul time nahi mila,Mujhe,URD
this is so frustrating so Mujhe bilkul time nahi mila,bilkul,URD
this is so frustrating so Mujhe bilkul time nahi mila,time,ENG
this is so frustrating so Mujhe bilkul time nahi mila,nahi,URD
this is so frustrating so Mujhe bilkul time nahi mila,mila,URD
the deadline is tomorrow so Mujhe abhi ghar pohanchna hai,the,ENG
the deadline is tomorrow so Mujhe abhi ghar pohanchna hai,deadline,ENG
the deadline is tomorrow so Mujhe abhi ghar pohanchna hai,is,ENG
the deadline is tomorrow so Mujhe abhi ghar pohanchna hai,tomorrow,ENG
the deadline is tomorrow so Mujhe abhi ghar pohanchna hai,so,ENG
the deadline is tomorrow so Mujhe abhi ghar pohanchna hai,Mujhe,URD
the deadline is tomorrow so Mujhe abhi ghar pohanchna hai,abhi,URD
the deadline is tomorrow so Mujhe abhi ghar pohanchna hai,ghar,URD
the deadline is tomorrow so Mujhe abhi ghar pohanchna hai,pohanchna,URD
the deadline is tomorrow so Mujhe abhi ghar pohanchna hai,hai,URD
"had 3 meetings back to back, Ghar par sab log so gaye hain",had,ENG
"had 3 meetings back to back, Ghar par sab log so gaye hain",3,ENG
"had 3 meetings back to back, Ghar par sab log so gaye hain",meetings,ENG
"had 3 meetings back to back, Ghar par sab log so gaye hain",back,ENG
"had 3 meetings back to back, Ghar par sab log so gaye hain",to,ENG
"had 3 meetings back to back, Ghar par sab log so gaye hain",back,ENG
"had 3 meetings back to back, Ghar par sab log so gaye hain",Ghar,URD
"had 3 meetings back to back, Ghar par sab log so gaye hain",par,URD
"had 3 meetings back to back, Ghar par sab log so gaye hain",sab,URD
"had 3 meetings back to back, Ghar par sab log so gaye hain",log,URD
"had 3 meetings back to back, Ghar par sab log so gaye hain",so,URD
"had 3 meetings back to back, Ghar par sab log so gaye hain",gaye,URD
"had 3 meetings back to back, Ghar par sab log so gaye hain",hain,URD
I just want to sleep so Mujhe bilkul time nahi mila,I,ENG
I just want to sleep so Mujhe bilkul time nahi mila,just,ENG
I just want to sleep so Mujhe bilkul time nahi mila,want,ENG
I just want to sleep so Mujhe bilkul time nahi mila,to,ENG
I just want to sleep so Mujhe bilkul time nahi mila,sleep,ENG
I just want to sleep so Mujhe bilkul time nahi mila,so,ENG
I just want to sleep so Mujhe bilkul time nahi mila,Mujhe,URD
I just want to sleep so Mujhe bilkul time nahi mila,bilkul,URD
I just want to sleep so Mujhe bilkul time nahi mila,time,ENG
I just want to sleep so Mujhe bilkul time nahi mila,nahi,URD
I just want to sleep so Mujhe bilkul time nahi mila,mila,URD
had 3 meetings back to back and Mujhe abhi ghar pohanchna hai,had,ENG
had 3 meetings back to back and Mujhe abhi ghar pohanchna hai,3,ENG
had 3 meetings back to back and Mujhe abhi ghar pohanchna hai,meetings,ENG
had 3 meetings back to back and Mujhe abhi ghar pohanchna hai,back,ENG
had 3 meetings back to back and Mujhe abhi ghar pohanchna hai,to,ENG
had 3 meetings back to back and Mujhe abhi ghar pohanchna hai,back,ENG
had 3 meetings back to back and Mujhe abhi ghar pohanchna hai,and,ENG
had 3 meetings back to back and Mujhe abhi ghar pohanchna hai,Mujhe,URD
had 3 meetings back to back and Mujhe abhi ghar pohanchna hai,abhi,URD
had 3 meetings back to back and Mujhe abhi ghar pohanchna hai,ghar,URD
had 3 meetings back to back and Mujhe abhi ghar pohanchna hai,pohanchna,URD
had 3 meetings back to back and Mujhe abhi ghar pohanchna hai,hai,URD
it's not a big deal but Khana kha liya,it's,ENG
it's not a big deal but Khana kha liya,not,ENG
it's not a big deal but Khana kha liya,a,ENG
it's not a big deal but Khana kha liya,big,ENG
it's not a big deal but Khana kha liya,deal,ENG
it's not a big deal but Khana kha liya,but,ENG
it's not a big deal but Khana kha liya,Khana,URD
it's not a big deal but Khana kha liya,kha,URD
it's not a big deal but Khana kha liya,liya,URD
"I was literally waiting for you, Mujhe office jaldi jana hai",I,ENG
"I was literally waiting for you, Mujhe office jaldi jana hai",was,ENG
"I was literally waiting for you, Mujhe office jaldi jana hai",literally,ENG
"I was literally waiting for you, Mujhe office jaldi jana hai",waiting,ENG
"I was literally waiting for you, Mujhe office jaldi jana hai",for,ENG
"I was literally waiting for you, Mujhe office jaldi jana hai",you,ENG
"I was literally waiting for you, Mujhe office jaldi jana hai",Mujhe,URD
"I was literally waiting for you, Mujhe office jaldi jana hai",office,ENG
"I was literally waiting for you, Mujhe office jaldi jana hai",jaldi,URD
"I was literally waiting for you, Mujhe office jaldi jana hai",jana,URD
"I was literally waiting for you, Mujhe office jaldi jana hai",hai,URD
everyone is so stressed aur Ammi ne biryani banayi hai,everyone,ENG
everyone is so stressed aur Ammi ne biryani banayi hai,is,ENG
everyone is so stressed aur Ammi ne biryani banayi hai,so,ENG
everyone is so stressed aur Ammi ne biryani banayi hai,stressed,ENG
everyone is so stressed aur Ammi ne biryani banayi hai,aur,URD
everyone is so stressed aur Ammi ne biryani banayi hai,Ammi,URD
everyone is so stressed aur Ammi ne biryani banayi hai,ne,URD
everyone is so stressed aur Ammi ne biryani banayi hai,biryani,URD
everyone is so stressed aur Ammi ne biryani banayi hai,banayi,URD
everyone is so stressed aur Ammi ne biryani banayi hai,hai,URD
can we reschedule the call phir Yaar tension mat lo,can,ENG
can we reschedule the call phir Yaar tension mat lo,we,ENG
can we reschedule the call phir Yaar tension mat lo,reschedule,ENG
can we reschedule the call phir Yaar tension mat lo,the,ENG
can we reschedule the call phir Yaar tension mat lo,call,ENG
can we reschedule the call phir Yaar tension mat lo,phir,URD
can we reschedule the call phir Yaar tension mat lo,Yaar,URD
can we reschedule the call phir Yaar tension mat lo,tension,ENG
can we reschedule the call phir Yaar tension mat lo,mat,URD
can we reschedule the call phir Yaar tension mat lo,lo,URD
"can we reschedule the call, Mera phone hang ho gaya hai",can,ENG
"can we reschedule the call, Mera phone hang ho gaya hai",we,ENG
"can we reschedule the call, Mera phone hang ho gaya hai",reschedule,ENG
"can we reschedule the call, Mera phone hang ho gaya hai",the,ENG
"can we reschedule the call, Mera phone hang ho gaya hai",call,ENG
"can we reschedule the call, Mera phone hang ho gaya hai",Mera,URD
"can we reschedule the call, Mera phone hang ho gaya hai",phone,ENG
"can we reschedule the call, Mera phone hang ho gaya hai",hang,ENG
"can we reschedule the call, Mera phone hang ho gaya hai",ho,URD
"can we reschedule the call, Mera phone hang ho gaya hai",gaya,URD
"can we reschedule the call, Mera phone hang ho gaya hai",hai,URD
"I overslept again today, Mujhe neend aa rahi hai",I,ENG
"I overslept again today, Mujhe neend aa rahi hai",overslept,ENG
"I overslept again today, Mujhe neend aa rahi hai",again,ENG
"I overslept again today, Mujhe neend aa rahi hai",today,ENG
"I overslept again today, Mujhe neend aa rahi hai",Mujhe,URD
"I overslept again today, Mujhe neend aa rahi hai",neend,URD
"I overslept again today, Mujhe neend aa rahi hai",aa,URD
"I overslept again today, Mujhe neend aa rahi hai",rahi,URD
"I overslept again today, Mujhe neend aa rahi hai",hai,URD
"I just want to sleep, Aaj mera mood nahi hai",I,ENG
"I just want to sleep, Aaj mera mood nahi hai",just,ENG
"I just want to sleep, Aaj mera mood nahi hai",want,ENG
"I just want to sleep, Aaj mera mood nahi hai",to,ENG
"I just want to sleep, Aaj mera mood nahi hai",sleep,ENG
"I just want to sleep, Aaj mera mood nahi hai",Aaj,URD
"I just want to sleep, Aaj mera mood nahi hai",mera,URD
"I just want to sleep, Aaj mera mood nahi hai",mood,MIX
"I just want to sleep, Aaj mera mood nahi hai",nahi,URD
"I just want to sleep, Aaj mera mood nahi hai",hai,URD
nothing is working properly phir Ammi ne kaha ghar jaldi aa jao,nothing,ENG
nothing is working properly phir Ammi ne kaha ghar jaldi aa jao,is,ENG
nothing is working properly phir Ammi ne kaha ghar jaldi aa jao,working,ENG
nothing is working properly phir Ammi ne kaha ghar jaldi aa jao,properly,ENG
nothing is working properly phir Ammi ne kaha ghar jaldi aa jao,phir,URD
nothing is working properly phir Ammi ne kaha ghar jaldi aa jao,Ammi,URD
nothing is working properly phir Ammi ne kaha ghar jaldi aa jao,ne,URD
nothing is working properly phir Ammi ne kaha ghar jaldi aa jao,kaha,URD
nothing is working properly phir Ammi ne kaha ghar jaldi aa jao,ghar,URD
nothing is working properly phir Ammi ne kaha ghar jaldi aa jao,jaldi,URD
nothing is working properly phir Ammi ne kaha ghar jaldi aa jao,aa,URD
nothing is working properly phir Ammi ne kaha ghar jaldi aa jao,jao,URD
I overslept again today lekin Bijli phir chali gayi,I,ENG
I overslept again today lekin Bijli phir chali gayi,overslept,ENG
I overslept again today lekin Bijli phir chali gayi,again,ENG
I overslept again today lekin Bijli phir chali gayi,today,ENG
I overslept again today lekin Bijli phir chali gayi,lekin,URD
I overslept again today lekin Bijli phir chali gayi,Bijli,URD
I overslept again today lekin Bijli phir chali gayi,phir,URD
I overslept again today lekin Bijli phir chali gayi,chali,URD
I overslept again today lekin Bijli phir chali gayi,gayi,URD
I have an assignment due but Aaj bohot garmi hai,I,ENG
I have an assignment due but Aaj bohot garmi hai,have,ENG
I have an assignment due but Aaj bohot garmi hai,an,ENG
I have an assignment due but Aaj bohot garmi hai,assignment,ENG
I have an assignment due but Aaj bohot garmi hai,due,ENG
I have an assignment due but Aaj bohot garmi hai,but,ENG
I have an assignment due but Aaj bohot garmi hai,Aaj,URD
I have an assignment due but Aaj bohot garmi hai,bohot,URD
I have an assignment due but Aaj bohot garmi hai,garmi,URD
I have an assignment due but Aaj bohot garmi hai,hai,URD
I can't even right now but Yaar kuch samajh nahi aa raha,I,ENG
I can't even right now but Yaar kuch samajh nahi aa raha,can't,ENG
I can't even right now but Yaar kuch samajh nahi aa raha,even,ENG
I can't even right now but Yaar kuch samajh nahi aa raha,right,ENG
I can't even right now but Yaar kuch samajh nahi aa raha,now,ENG
I can't even right now but Yaar kuch samajh nahi aa raha,but,ENG
I can't even right now but Yaar kuch samajh nahi aa raha,Yaar,URD
I can't even right now but Yaar kuch samajh nahi aa raha,kuch,URD
I can't even right now but Yaar kuch samajh nahi aa raha,samajh,URD
I can't even right now but Yaar kuch samajh nahi aa raha,nahi,URD
I can't even right now but Yaar kuch samajh nahi aa raha,aa,URD
I can't even right now but Yaar kuch samajh nahi aa raha,raha,URD
I overslept again today but Ghar par sab log so gaye hain,I,ENG
I overslept again today but Ghar par sab log so gaye hain,overslept,ENG
I overslept again today but Ghar par sab log so gaye hain,again,ENG
I overslept again today but Ghar par sab log so gaye hain,today,ENG
I overslept again today but Ghar par sab log so gaye hain,but,ENG
I overslept again today but Ghar par sab log so gaye hain,Ghar,URD
I overslept again today but Ghar par sab log so gaye hain,par,URD
I overslept again today but Ghar par sab log so gaye hain,sab,URD
I overslept again today but Ghar par sab log so gaye hain,log,URD
I overslept again today but Ghar par sab log so gaye hain,so,URD
I overslept again today but Ghar par sab log so gaye hain,gaye,URD
I overslept again today but Ghar par sab log so gaye hain,hain,URD
I overslept again today lekin Bohot thak gaya hoon,I,ENG
I overslept again today lekin Bohot thak gaya hoon,overslept,ENG
I overslept again today lekin Bohot thak gaya hoon,again,ENG
I overslept again today lekin Bohot thak gaya hoon,today,ENG
I overslept again today lekin Bohot thak gaya hoon,lekin,URD
I overslept again today lekin Bohot thak gaya hoon,Bohot,URD
I overslept again today lekin Bohot thak gaya hoon,thak,URD
I overslept again today lekin Bohot thak gaya hoon,gaya,URD
I overslept again today lekin Bohot thak gaya hoon,hoon,URD
let's just get this done so Mujhe bilkul time nahi mila,let's,ENG
let's just get this done so Mujhe bilkul time nahi mila,just,ENG
let's just get this done so Mujhe bilkul time nahi mila,get,ENG
let's just get this done so Mujhe bilkul time nahi mila,this,ENG
let's just get this done so Mujhe bilkul time nahi mila,done,ENG
let's just get this done so Mujhe bilkul time nahi mila,so,ENG
let's just get this done so Mujhe bilkul time nahi mila,Mujhe,URD
let's just get this done so Mujhe bilkul time nahi mila,bilkul,URD
let's just get this done so Mujhe bilkul time nahi mila,time,ENG
let's just get this done so Mujhe bilkul time nahi mila,nahi,URD
let's just get this done so Mujhe bilkul time nahi mila,mila,URD
I need to submit the form lekin Bohot thak gaya hoon,I,ENG
I need to submit the form lekin Bohot thak gaya hoon,need,ENG
I need to submit the form lekin Bohot thak gaya hoon,to,ENG
I need to submit the form lekin Bohot thak gaya hoon,submit,ENG
I need to submit the form lekin Bohot thak gaya hoon,the,ENG
I need to submit the form lekin Bohot thak gaya hoon,form,ENG
I need to submit the form lekin Bohot thak gaya hoon,lekin,URD
I need to submit the form lekin Bohot thak gaya hoon,Bohot,URD
I need to submit the form lekin Bohot thak gaya hoon,thak,URD
I need to submit the form lekin Bohot thak gaya hoon,gaya,URD
I need to submit the form lekin Bohot thak gaya hoon,hoon,URD
I'm literally so tired aur Aaj mera mood nahi hai,I'm,ENG
I'm literally so tired aur Aaj mera mood nahi hai,literally,ENG
I'm literally so tired aur Aaj mera mood nahi hai,so,ENG
I'm literally so tired aur Aaj mera mood nahi hai,tired,ENG
I'm literally so tired aur Aaj mera mood nahi hai,aur,URD
I'm literally so tired aur Aaj mera mood nahi hai,Aaj,URD
I'm literally so tired aur Aaj mera mood nahi hai,mera,URD
I'm literally so tired aur Aaj mera mood nahi hai,mood,MIX
I'm literally so tired aur Aaj mera mood nahi hai,nahi,URD
I'm literally so tired aur Aaj mera mood nahi hai,hai,URD
can we reschedule the call so Bohot thak gaya hoon,can,ENG
can we reschedule the call so Bohot thak gaya hoon,we,ENG
can we reschedule the call so Bohot thak gaya hoon,reschedule,ENG
can we reschedule the call so Bohot thak gaya hoon,the,ENG
can we reschedule the call so Bohot thak gaya hoon,call,ENG
can we reschedule the call so Bohot thak gaya hoon,so,ENG
can we reschedule the call so Bohot thak gaya hoon,Bohot,URD
can we reschedule the call so Bohot thak gaya hoon,thak,URD
can we reschedule the call so Bohot thak gaya hoon,gaya,URD
can we reschedule the call so Bohot thak gaya hoon,hoon,URD
"had 3 meetings back to back, Mujhe bilkul time nahi mila",had,ENG
"had 3 meetings back to back, Mujhe bilkul time nahi mila",3,ENG
"had 3 meetings back to back, Mujhe bilkul time nahi mila",meetings,ENG
"had 3 meetings back to back, Mujhe bilkul time nahi mila",back,ENG
"had 3 meetings back to back, Mujhe bilkul time nahi mila",to,ENG
"had 3 meetings back to back, Mujhe bilkul time nahi mila",back,ENG
"had 3 meetings back to back, Mujhe bilkul time nahi mila",Mujhe,URD
"had 3 meetings back to back, Mujhe bilkul time nahi mila",bilkul,URD
"had 3 meetings back to back, Mujhe bilkul time nahi mila",time,ENG
"had 3 meetings back to back, Mujhe bilkul time nahi mila",nahi,URD
"had 3 meetings back to back, Mujhe bilkul time nahi mila",mila,URD
can we reschedule the call lekin Kal se exams start ho rahe hain,can,ENG
can we reschedule the call lekin Kal se exams start ho rahe hain,we,ENG
can we reschedule the call lekin Kal se exams start ho rahe hain,reschedule,ENG
can we reschedule the call lekin Kal se exams start ho rahe hain,the,ENG
can we reschedule the call lekin Kal se exams start ho rahe hain,call,ENG
can we reschedule the call lekin Kal se exams start ho rahe hain,lekin,URD
can we reschedule the call lekin Kal se exams start ho rahe hain,Kal,URD
can we reschedule the call lekin Kal se exams start ho rahe hain,se,URD
can we reschedule the call lekin Kal se exams start ho rahe hain,exams,ENG
can we reschedule the call lekin Kal se exams start ho rahe hain,start,ENG
can we reschedule the call lekin Kal se exams start ho rahe hain,ho,URD
can we reschedule the call lekin Kal se exams start ho rahe hain,rahe,URD
can we reschedule the call lekin Kal se exams start ho rahe hain,hain,URD
"still not prepared at all, Ammi ne biryani banayi hai",still,ENG
"still not prepared at all, Ammi ne biryani banayi hai",not,ENG
"still not prepared at all, Ammi ne biryani banayi hai",prepared,ENG
"still not prepared at all, Ammi ne biryani banayi hai",at,ENG
"still not prepared at all, Ammi ne biryani banayi hai",all,ENG
"still not prepared at all, Ammi ne biryani banayi hai",Ammi,URD
"still not prepared at all, Ammi ne biryani banayi hai",ne,URD
"still not prepared at all, Ammi ne biryani banayi hai",biryani,URD
"still not prepared at all, Ammi ne biryani banayi hai",banayi,URD
"still not prepared at all, Ammi ne biryani banayi hai",hai,URD
I have zero motivation today but Aaj bohot garmi hai,I,ENG
I have zero motivation today but Aaj bohot garmi hai,have,ENG
I have zero motivation today but Aaj bohot garmi hai,zero,ENG
I have zero motivation today but Aaj bohot garmi hai,motivation,ENG
I have zero motivation today but Aaj bohot garmi hai,today,ENG
I have zero motivation today but Aaj bohot garmi hai,but,ENG
I have zero motivation today but Aaj bohot garmi hai,Aaj,URD
I have zero motivation today but Aaj bohot garmi hai,bohot,URD
I have zero motivation today but Aaj bohot garmi hai,garmi,URD
I have zero motivation today but Aaj bohot garmi hai,hai,URD
still not prepared at all lekin Sab kuch theek chal raha hai,still,ENG
still not prepared at all lekin Sab kuch theek chal raha hai,not,ENG
still not prepared at all lekin Sab kuch theek chal raha hai,prepared,ENG
still not prepared at all lekin Sab kuch theek chal raha hai,at,ENG
still not prepared at all lekin Sab kuch theek chal raha hai,all,ENG
still not prepared at all lekin Sab kuch theek chal raha hai,lekin,URD
still not prepared at all lekin Sab kuch theek chal raha hai,Sab,URD
still not prepared at all lekin Sab kuch theek chal raha hai,kuch,URD
still not prepared at all lekin Sab kuch theek chal raha hai,theek,URD
still not prepared at all lekin Sab kuch theek chal raha hai,chal,URD
still not prepared at all lekin Sab kuch theek chal raha hai,raha,URD
still not prepared at all lekin Sab kuch theek chal raha hai,hai,URD
the deadline is tomorrow phir Yaar tension mat lo,the,ENG
the deadline is tomorrow phir Yaar tension mat lo,deadline,ENG
the deadline is tomorrow phir Yaar tension mat lo,is,ENG
the deadline is tomorrow phir Yaar tension mat lo,tomorrow,ENG
the deadline is tomorrow phir Yaar tension mat lo,phir,URD
the deadline is tomorrow phir Yaar tension mat lo,Yaar,URD
the deadline is tomorrow phir Yaar tension mat lo,tension,ENG
the deadline is tomorrow phir Yaar tension mat lo,mat,URD
the deadline is tomorrow phir Yaar tension mat lo,lo,URD
I have an assignment due phir Mujhe office jaldi jana hai,I,ENG
I have an assignment due phir Mujhe office jaldi jana hai,have,ENG
I have an assignment due phir Mujhe office jaldi jana hai,an,ENG
I have an assignment due phir Mujhe office jaldi jana hai,assignment,ENG
I have an assignment due phir Mujhe office jaldi jana hai,due,ENG
I have an assignment due phir Mujhe office jaldi jana hai,phir,URD
I have an assignment due phir Mujhe office jaldi jana hai,Mujhe,URD
I have an assignment due phir Mujhe office jaldi jana hai,office,ENG
I have an assignment due phir Mujhe office jaldi jana hai,jaldi,URD
I have an assignment due phir Mujhe office jaldi jana hai,jana,URD
I have an assignment due phir Mujhe office jaldi jana hai,hai,URD
everyone is so stressed phir Mujhe bilkul time nahi mila,everyone,ENG
everyone is so stressed phir Mujhe bilkul time nahi mila,is,ENG
everyone is so stressed phir Mujhe bilkul time nahi mila,so,ENG
everyone is so stressed phir Mujhe bilkul time nahi mila,stressed,ENG
everyone is so stressed phir Mujhe bilkul time nahi mila,phir,URD
everyone is so stressed phir Mujhe bilkul time nahi mila,Mujhe,URD
everyone is so stressed phir Mujhe bilkul time nahi mila,bilkul,URD
everyone is so stressed phir Mujhe bilkul time nahi mila,time,ENG
everyone is so stressed phir Mujhe bilkul time nahi mila,nahi,URD
everyone is so stressed phir Mujhe bilkul time nahi mila,mila,URD
it's not a big deal lekin Bohot thak gaya hoon,it's,ENG
it's not a big deal lekin Bohot thak gaya hoon,not,ENG
it's not a big deal lekin Bohot thak gaya hoon,a,ENG
it's not a big deal lekin Bohot thak gaya hoon,big,ENG
it's not a big deal lekin Bohot thak gaya hoon,deal,ENG
it's not a big deal lekin Bohot thak gaya hoon,lekin,URD
it's not a big deal lekin Bohot thak gaya hoon,Bohot,URD
it's not a big deal lekin Bohot thak gaya hoon,thak,URD
it's not a big deal lekin Bohot thak gaya hoon,gaya,URD
it's not a big deal lekin Bohot thak gaya hoon,hoon,URD
can we reschedule the call phir Mujhe bilkul time nahi mila,can,ENG
can we reschedule the call phir Mujhe bilkul time nahi mila,we,ENG
can we reschedule the call phir Mujhe bilkul time nahi mila,reschedule,ENG
can we reschedule the call phir Mujhe bilkul time nahi mila,the,ENG
can we reschedule the call phir Mujhe bilkul time nahi mila,call,ENG
can we reschedule the call phir Mujhe bilkul time nahi mila,phir,URD
can we reschedule the call phir Mujhe bilkul time nahi mila,Mujhe,URD
can we reschedule the call phir Mujhe bilkul time nahi mila,bilkul,URD
can we reschedule the call phir Mujhe bilkul time nahi mila,time,ENG
can we reschedule the call phir Mujhe bilkul time nahi mila,nahi,URD
can we reschedule the call phir Mujhe bilkul time nahi mila,mila,URD
I'm not in the mood phir Mujhe neend aa rahi hai,I'm,ENG
I'm not in the mood phir Mujhe neend aa rahi hai,not,ENG
I'm not in the mood phir Mujhe neend aa rahi hai,in,ENG
I'm not in the mood phir Mujhe neend aa rahi hai,the,ENG
I'm not in the mood phir Mujhe neend aa rahi hai,mood,ENG
I'm not in the mood phir Mujhe neend aa rahi hai,phir,URD
I'm not in the mood phir Mujhe neend aa rahi hai,Mujhe,URD
I'm not in the mood phir Mujhe neend aa rahi hai,neend,URD
I'm not in the mood phir Mujhe neend aa rahi hai,aa,URD
I'm not in the mood phir Mujhe neend aa rahi hai,rahi,URD
I'm not in the mood phir Mujhe neend aa rahi hai,hai,URD
I'm running late again aur Kal se exams start ho rahe hain,I'm,ENG
I'm running late again aur Kal se exams start ho rahe hain,running,ENG
I'm running late again aur Kal se exams start ho rahe hain,late,ENG
I'm running late again aur Kal se exams start ho rahe hain,again,ENG
I'm running late again aur Kal se exams start ho rahe hain,aur,URD
I'm running late again aur Kal se exams start ho rahe hain,Kal,URD
I'm running late again aur Kal se exams start ho rahe hain,se,URD
I'm running late again aur Kal se exams start ho rahe hain,exams,ENG
I'm running late again aur Kal se exams start ho rahe hain,start,ENG
I'm running late again aur Kal se exams start ho rahe hain,ho,URD
I'm running late again aur Kal se exams start ho rahe hain,rahe,URD
I'm running late again aur Kal se exams start ho rahe hain,hain,URD
I have an assignment due aur Ghar par sab log so gaye hain,I,ENG
I have an assignment due aur Ghar par sab log so gaye hain,have,ENG
I have an assignment due aur Ghar par sab log so gaye hain,an,ENG
I have an assignment due aur Ghar par sab log so gaye hain,assignment,ENG
I have an assignment due aur Ghar par sab log so gaye hain,due,ENG
I have an assignment due aur Ghar par sab log so gaye hain,aur,URD
I have an assignment due aur Ghar par sab log so gaye hain,Ghar,URD
I have an assignment due aur Ghar par sab log so gaye hain,par,URD
I have an assignment due aur Ghar par sab log so gaye hain,sab,URD
I have an assignment due aur Ghar par sab log so gaye hain,log,URD
I have an assignment due aur Ghar par sab log so gaye hain,so,URD
I have an assignment due aur Ghar par sab log so gaye hain,gaye,URD
I have an assignment due aur Ghar par sab log so gaye hain,hain,URD
nothing is working properly aur Mujhe office jaldi jana hai,nothing,ENG
nothing is working properly aur Mujhe office jaldi jana hai,is,ENG
nothing is working properly aur Mujhe office jaldi jana hai,working,ENG
nothing is working properly aur Mujhe office jaldi jana hai,properly,ENG
nothing is working properly aur Mujhe office jaldi jana hai,aur,URD
nothing is working properly aur Mujhe office jaldi jana hai,Mujhe,URD
nothing is working properly aur Mujhe office jaldi jana hai,office,ENG
nothing is working properly aur Mujhe office jaldi jana hai,jaldi,URD
nothing is working properly aur Mujhe office jaldi jana hai,jana,URD
nothing is working properly aur Mujhe office jaldi jana hai,hai,URD
I have an assignment due phir Kal ka din bohot acha tha,I,ENG
I have an assignment due phir Kal ka din bohot acha tha,have,ENG
I have an assignment due phir Kal ka din bohot acha tha,an,ENG
I have an assignment due phir Kal ka din bohot acha tha,assignment,ENG
I have an assignment due phir Kal ka din bohot acha tha,due,ENG
I have an assignment due phir Kal ka din bohot acha tha,phir,URD
I have an assignment due phir Kal ka din bohot acha tha,Kal,URD
I have an assignment due phir Kal ka din bohot acha tha,ka,URD
I have an assignment due phir Kal ka din bohot acha tha,din,URD
I have an assignment due phir Kal ka din bohot acha tha,bohot,URD
I have an assignment due phir Kal ka din bohot acha tha,acha,URD
I have an assignment due phir Kal ka din bohot acha tha,tha,URD
"I have an assignment due, Yaar kuch samajh nahi aa raha",I,ENG
"I have an assignment due, Yaar kuch samajh nahi aa raha",have,ENG
"I have an assignment due, Yaar kuch samajh nahi aa raha",an,ENG
"I have an assignment due, Yaar kuch samajh nahi aa raha",assignment,ENG
"I have an assignment due, Yaar kuch samajh nahi aa raha",due,ENG
"I have an assignment due, Yaar kuch samajh nahi aa raha",Yaar,URD
"I have an assignment due, Yaar kuch samajh nahi aa raha",kuch,URD
"I have an assignment due, Yaar kuch samajh nahi aa raha",samajh,URD
"I have an assignment due, Yaar kuch samajh nahi aa raha",nahi,URD
"I have an assignment due, Yaar kuch samajh nahi aa raha",aa,URD
"I have an assignment due, Yaar kuch samajh nahi aa raha",raha,URD
still not prepared at all aur Aaj bohot garmi hai,still,ENG
still not prepared at all aur Aaj bohot garmi hai,not,ENG
still not prepared at all aur Aaj bohot garmi hai,prepared,ENG
still not prepared at all aur Aaj bohot garmi hai,at,ENG
still not prepared at all aur Aaj bohot garmi hai,all,ENG
still not prepared at all aur Aaj bohot garmi hai,aur,URD
still not prepared at all aur Aaj bohot garmi hai,Aaj,URD
still not prepared at all aur Aaj bohot garmi hai,bohot,URD
still not prepared at all aur Aaj bohot garmi hai,garmi,URD
still not prepared at all aur Aaj bohot garmi hai,hai,URD
honestly I don't care anymore but Yaar tension mat lo,honestly,ENG
honestly I don't care anymore but Yaar tension mat lo,I,ENG
honestly I don't care anymore but Yaar tension mat lo,don't,ENG
honestly I don't care anymore but Yaar tension mat lo,care,ENG
honestly I don't care anymore but Yaar tension mat lo,anymore,ENG
honestly I don't care anymore but Yaar tension mat lo,but,ENG
honestly I don't care anymore but Yaar tension mat lo,Yaar,URD
honestly I don't care anymore but Yaar tension mat lo,tension,ENG
honestly I don't care anymore but Yaar tension mat lo,mat,URD
honestly I don't care anymore but Yaar tension mat lo,lo,URD
I overslept again today aur Aaj bohot garmi hai,I,ENG
I overslept again today aur Aaj bohot garmi hai,overslept,ENG
I overslept again today aur Aaj bohot garmi hai,again,ENG
I overslept again today aur Aaj bohot garmi hai,today,ENG
I overslept again today aur Aaj bohot garmi hai,aur,URD
I overslept again today aur Aaj bohot garmi hai,Aaj,URD
I overslept again today aur Aaj bohot garmi hai,bohot,URD
I overslept again today aur Aaj bohot garmi hai,garmi,URD
I overslept again today aur Aaj bohot garmi hai,hai,URD
"this is so frustrating, Ghar par sab log so gaye hain",this,ENG
"this is so frustrating, Ghar par sab log so gaye hain",is,ENG
"this is so frustrating, Ghar par sab log so gaye hain",so,ENG
"this is so frustrating, Ghar par sab log so gaye hain",frustrating,ENG
"this is so frustrating, Ghar par sab log so gaye hain",Ghar,URD
"this is so frustrating, Ghar par sab log so gaye hain",par,URD
"this is so frustrating, Ghar par sab log so gaye hain",sab,URD
"this is so frustrating, Ghar par sab log so gaye hain",log,URD
"this is so frustrating, Ghar par sab log so gaye hain",so,URD
"this is so frustrating, Ghar par sab log so gaye hain",gaye,URD
"this is so frustrating, Ghar par sab log so gaye hain",hain,URD
still not prepared at all so Yaar kuch samajh nahi aa raha,still,ENG
still not prepared at all so Yaar kuch samajh nahi aa raha,not,ENG
still not prepared at all so Yaar kuch samajh nahi aa raha,prepared,ENG
still not prepared at all so Yaar kuch samajh nahi aa raha,at,ENG
still not prepared at all so Yaar kuch samajh nahi aa raha,all,ENG
still not prepared at all so Yaar kuch samajh nahi aa raha,so,ENG
still not prepared at all so Yaar kuch samajh nahi aa raha,Yaar,URD
still not prepared at all so Yaar kuch samajh nahi aa raha,kuch,URD
still not prepared at all so Yaar kuch samajh nahi aa raha,samajh,URD
still not prepared at all so Yaar kuch samajh nahi aa raha,nahi,URD
still not prepared at all so Yaar kuch samajh nahi aa raha,aa,URD
still not prepared at all so Yaar kuch samajh nahi aa raha,raha,URD
"this is so frustrating, Mera phone hang ho gaya hai",this,ENG
"this is so frustrating, Mera phone hang ho gaya hai",is,ENG
"this is so frustrating, Mera phone hang ho gaya hai",so,ENG
"this is so frustrating, Mera phone hang ho gaya hai",frustrating,ENG
"this is so frustrating, Mera phone hang ho gaya hai",Mera,URD
"this is so frustrating, Mera phone hang ho gaya hai",phone,ENG
"this is so frustrating, Mera phone hang ho gaya hai",hang,ENG
"this is so frustrating, Mera phone hang ho gaya hai",ho,URD
"this is so frustrating, Mera phone hang ho gaya hai",gaya,URD
"this is so frustrating, Mera phone hang ho gaya hai",hai,URD
I have an assignment due so Sab kuch theek chal raha hai,I,ENG
I have an assignment due so Sab kuch theek chal raha hai,have,ENG
I have an assignment due so Sab kuch theek chal raha hai,an,ENG
I have an assignment due so Sab kuch theek chal raha hai,assignment,ENG
I have an assignment due so Sab kuch theek chal raha hai,due,ENG
I have an assignment due so Sab kuch theek chal raha hai,so,ENG
I have an assignment due so Sab kuch theek chal raha hai,Sab,URD
I have an assignment due so Sab kuch theek chal raha hai,kuch,URD
I have an assignment due so Sab kuch theek chal raha hai,theek,URD
I have an assignment due so Sab kuch theek chal raha hai,chal,URD
I have an assignment due so Sab kuch theek chal raha hai,raha,URD
I have an assignment due so Sab kuch theek chal raha hai,hai,URD
the wifi keeps disconnecting phir Sab kuch theek chal raha hai,the,ENG
the wifi keeps disconnecting phir Sab kuch theek chal raha hai,wifi,ENG
the wifi keeps disconnecting phir Sab kuch theek chal raha hai,keeps,ENG
the wifi keeps disconnecting phir Sab kuch theek chal raha hai,disconnecting,ENG
the wifi keeps disconnecting phir Sab kuch theek chal raha hai,phir,URD
the wifi keeps disconnecting phir Sab kuch theek chal raha hai,Sab,URD
the wifi keeps disconnecting phir Sab kuch theek chal raha hai,kuch,URD
the wifi keeps disconnecting phir Sab kuch theek chal raha hai,theek,URD
the wifi keeps disconnecting phir Sab kuch theek chal raha hai,chal,URD
the wifi keeps disconnecting phir Sab kuch theek chal raha hai,raha,URD
the wifi keeps disconnecting phir Sab kuch theek chal raha hai,hai,URD
I need a break honestly lekin Yaar tension mat lo,I,ENG
I need a break honestly lekin Yaar tension mat lo,need,ENG
I need a break honestly lekin Yaar tension mat lo,a,ENG
I need a break honestly lekin Yaar tension mat lo,break,ENG
I need a break honestly lekin Yaar tension mat lo,honestly,ENG
I need a break honestly lekin Yaar tension mat lo,lekin,URD
I need a break honestly lekin Yaar tension mat lo,Yaar,URD
I need a break honestly lekin Yaar tension mat lo,tension,ENG
I need a break honestly lekin Yaar tension mat lo,mat,URD
I need a break honestly lekin Yaar tension mat lo,lo,URD
I have an assignment due so Dil nahi kar raha kuch bhi karne ka,I,ENG
I have an assignment due so Dil nahi kar raha kuch bhi karne ka,have,ENG
I have an assignment due so Dil nahi kar raha kuch bhi karne ka,an,ENG
I have an assignment due so Dil nahi kar raha kuch bhi karne ka,assignment,ENG
I have an assignment due so Dil nahi kar raha kuch bhi karne ka,due,ENG
I have an assignment due so Dil nahi kar raha kuch bhi karne ka,so,ENG
I have an assignment due so Dil nahi kar raha kuch bhi karne ka,Dil,URD
I have an assignment due so Dil nahi kar raha kuch bhi karne ka,nahi,URD
I have an assignment due so Dil nahi kar raha kuch bhi karne ka,kar,URD
I have an assignment due so Dil nahi kar raha kuch bhi karne ka,raha,URD
I have an assignment due so Dil nahi kar raha kuch bhi karne ka,kuch,URD
I have an assignment due so Dil nahi kar raha kuch bhi karne ka,bhi,URD
I have an assignment due so Dil nahi kar raha kuch bhi karne ka,karne,URD
I have an assignment due so Dil nahi kar raha kuch bhi karne ka,ka,URD
had 3 meetings back to back phir Kal se exams start ho rahe hain,had,ENG
had 3 meetings back to back phir Kal se exams start ho rahe hain,3,ENG
had 3 meetings back to back phir Kal se exams start ho rahe hain,meetings,ENG
had 3 meetings back to back phir Kal se exams start ho rahe hain,back,ENG
had 3 meetings back to back phir Kal se exams start ho rahe hain,to,ENG
had 3 meetings back to back phir Kal se exams start ho rahe hain,back,ENG
had 3 meetings back to back phir Kal se exams start ho rahe hain,phir,URD
had 3 meetings back to back phir Kal se exams start ho rahe hain,Kal,URD
had 3 meetings back to back phir Kal se exams start ho rahe hain,se,URD
had 3 meetings back to back phir Kal se exams start ho rahe hain,exams,ENG
had 3 meetings back to back phir Kal se exams start ho rahe hain,start,ENG
had 3 meetings back to back phir Kal se exams start ho rahe hain,ho,URD
had 3 meetings back to back phir Kal se exams start ho rahe hain,rahe,URD
had 3 meetings back to back phir Kal se exams start ho rahe hain,hain,URD
"everyone is so stressed, Bahar bohot barish ho rahi hai",everyone,ENG
"everyone is so stressed, Bahar bohot barish ho rahi hai",is,ENG
"everyone is so stressed, Bahar bohot barish ho rahi hai",so,ENG
"everyone is so stressed, Bahar bohot barish ho rahi hai",stressed,ENG
"everyone is so stressed, Bahar bohot barish ho rahi hai",Bahar,URD
"everyone is so stressed, Bahar bohot barish ho rahi hai",bohot,URD
"everyone is so stressed, Bahar bohot barish ho rahi hai",barish,URD
"everyone is so stressed, Bahar bohot barish ho rahi hai",ho,URD
"everyone is so stressed, Bahar bohot barish ho rahi hai",rahi,URD
"everyone is so stressed, Bahar bohot barish ho rahi hai",hai,URD
I'm running late again phir Aaj mera mood nahi hai,I'm,ENG
I'm running late again phir Aaj mera mood nahi hai,running,ENG
I'm running late again phir Aaj mera mood nahi hai,late,ENG
I'm running late again phir Aaj mera mood nahi hai,again,ENG
I'm running late again phir Aaj mera mood nahi hai,phir,URD
I'm running late again phir Aaj mera mood nahi hai,Aaj,URD
I'm running late again phir Aaj mera mood nahi hai,mera,URD
I'm running late again phir Aaj mera mood nahi hai,mood,MIX
I'm running late again phir Aaj mera mood nahi hai,nahi,URD
I'm running late again phir Aaj mera mood nahi hai,hai,URD
"Aaj ka din bohot busy tha, had 3 meetings back to back",Aaj,URD
"Aaj ka din bohot busy tha, had 3 meetings back to back",ka,URD
"Aaj ka din bohot busy tha, had 3 meetings back to back",din,URD
"Aaj ka din bohot busy tha, had 3 meetings back to back",bohot,URD
"Aaj ka din bohot busy tha, had 3 meetings back to back",busy,ENG
"Aaj ka din bohot busy tha, had 3 meetings back to back",tha,URD
"Aaj ka din bohot busy tha, had 3 meetings back to back",had,ENG
"Aaj ka din bohot busy tha, had 3 meetings back to back",3,ENG
"Aaj ka din bohot busy tha, had 3 meetings back to back",meetings,ENG
"Aaj ka din bohot busy tha, had 3 meetings back to back",back,ENG
"Aaj ka din bohot busy tha, had 3 meetings back to back",to,ENG
"Aaj ka din bohot busy tha, had 3 meetings back to back",back,ENG
"Yaar seriously I can't even right now, bohot thak gaya hoon",Yaar,URD
"Yaar seriously I can't even right now, bohot thak gaya hoon",seriously,ENG
"Yaar seriously I can't even right now, bohot thak gaya hoon",I,ENG
"Yaar seriously I can't even right now, bohot thak gaya hoon",can't,ENG
"Yaar seriously I can't even right now, bohot thak gaya hoon",even,ENG
"Yaar seriously I can't even right now, bohot thak gaya hoon",right,ENG
"Yaar seriously I can't even right now, bohot thak gaya hoon",now,ENG
"Yaar seriously I can't even right now, bohot thak gaya hoon",bohot,URD
"Yaar seriously I can't even right now, bohot thak gaya hoon",thak,URD
"Yaar seriously I can't even right now, bohot thak gaya hoon",gaya,URD
"Yaar seriously I can't even right now, bohot thak gaya hoon",hoon,URD
"Bhai kal mera presentation hai, still not prepared at all",Bhai,URD
"Bhai kal mera presentation hai, still not prepared at all",kal,URD
"Bhai kal mera presentation hai, still not prepared at all",mera,URD
"Bhai kal mera presentation hai, still not prepared at all",presentation,MIX
"Bhai kal mera presentation hai, still not prepared at all",hai,URD
"Bhai kal mera presentation hai, still not prepared at all",still,ENG
"Bhai kal mera presentation hai, still not prepared at all",not,ENG
"Bhai kal mera presentation hai, still not prepared at all",prepared,ENG
"Bhai kal mera presentation hai, still not prepared at all",at,ENG
"Bhai kal mera presentation hai, still not prepared at all",all,ENG
Khana kha liya? I was literally waiting for you,Khana,URD
Khana kha liya? I was literally waiting for you,kha,URD
Khana kha liya? I was literally waiting for you,liya,URD
Khana kha liya? I was literally waiting for you,I,ENG
Khana kha liya? I was literally waiting for you,was,ENG
Khana kha liya? I was literally waiting for you,literally,ENG
Khana kha liya? I was literally waiting for you,waiting,ENG
Khana kha liya? I was literally waiting for you,for,ENG
Khana kha liya? I was literally waiting for you,you,ENG
Yeh weather bilkul mausam kharab kar raha hai today,Yeh,URD
Yeh weather bilkul mausam kharab kar raha hai today,weather,MIX
Yeh weather bilkul mausam kharab kar raha hai today,bilkul,URD
Yeh weather bilkul mausam kharab kar raha hai today,mausam,URD
Yeh weather bilkul mausam kharab kar raha hai today,kharab,URD
Yeh weather bilkul mausam kharab kar raha hai today,kar,URD
Yeh weather bilkul mausam kharab kar raha hai today,raha,URD
Yeh weather bilkul mausam kharab kar raha hai today,hai,URD
Yeh weather bilkul mausam kharab kar raha hai today,today,ENG
I swear bhai mujhe koi idea nahi tha,I,ENG
I swear bhai mujhe koi idea nahi tha,swear,ENG
I swear bhai mujhe koi idea nahi tha,bhai,URD
I swear bhai mujhe koi idea nahi tha,mujhe,URD
I swear bhai mujhe koi idea nahi tha,koi,URD
I swear bhai mujhe koi idea nahi tha,idea,MIX
I swear bhai mujhe koi idea nahi tha,nahi,URD
I swear bhai mujhe koi idea nahi tha,tha,URD
Class ke baad hum sab hangout karne ja rahe hain,Class,MIX
Class ke baad hum sab hangout karne ja rahe hain,ke,URD
Class ke baad hum sab hangout karne ja rahe hain,baad,URD
Class ke baad hum sab hangout karne ja rahe hain,hum,URD
Class ke baad hum sab hangout karne ja rahe hain,sab,URD
Class ke baad hum sab hangout karne ja rahe hain,hangout,ENG
Class ke baad hum sab hangout karne ja rahe hain,karne,URD
Class ke baad hum sab hangout karne ja rahe hain,ja,URD
Class ke baad hum sab hangout karne ja rahe hain,rahe,URD
Class ke baad hum sab hangout karne ja rahe hain,hain,URD
Mujhe pata tha you would say that,Mujhe,URD
Mujhe pata tha you would say that,pata,URD
Mujhe pata tha you would say that,tha,URD
Mujhe pata tha you would say that,you,ENG
Mujhe pata tha you would say that,would,ENG
Mujhe pata tha you would say that,say,ENG
Mujhe pata tha you would say that,that,ENG
Bas thori der mein reach kar jaunga,Bas,URD
Bas thori der mein reach kar jaunga,thori,URD
Bas thori der mein reach kar jaunga,der,URD
Bas thori der mein reach kar jaunga,mein,URD
Bas thori der mein reach kar jaunga,reach,ENG
Bas thori der mein reach kar jaunga,kar,URD
Bas thori der mein reach kar jaunga,jaunga,URD
Honestly yaar mujhe kuch samajh nahi aa raha,Honestly,ENG
Honestly yaar mujhe kuch samajh nahi aa raha,yaar,URD
Honestly yaar mujhe kuch samajh nahi aa raha,mujhe,URD
Honestly yaar mujhe kuch samajh nahi aa raha,kuch,URD
Honestly yaar mujhe kuch samajh nahi aa raha,samajh,URD
Honestly yaar mujhe kuch samajh nahi aa raha,nahi,URD
Honestly yaar mujhe kuch samajh nahi aa raha,aa,URD
Honestly yaar mujhe kuch samajh nahi aa raha,raha,URD
"Kal exam tha, I totally blanked out",Kal,URD
"Kal exam tha, I totally blanked out",exam,MIX
"Kal exam tha, I totally blanked out",tha,URD
"Kal exam tha, I totally blanked out",I,ENG
"Kal exam tha, I totally blanked out",totally,ENG
"Kal exam tha, I totally blanked out",blanked,ENG
"Kal exam tha, I totally blanked out",out,ENG
Everyone keh raha hai ke result kal aayega,Everyone,ENG
Everyone keh raha hai ke result kal aayega,keh,URD
Everyone keh raha hai ke result kal aayega,raha,URD
Everyone keh raha hai ke result kal aayega,hai,URD
Everyone keh raha hai ke result kal aayega,ke,URD
Everyone keh raha hai ke result kal aayega,result,MIX
Everyone keh raha hai ke result kal aayega,kal,URD
Everyone keh raha hai ke result kal aayega,aayega,URD
Mujhe bhook lagi hai but I'm too lazy to cook,Mujhe,URD
Mujhe bhook lagi hai but I'm too lazy to cook,bhook,URD
Mujhe bhook lagi hai but I'm too lazy to cook,lagi,URD
Mujhe bhook lagi hai but I'm too lazy to cook,hai,URD
Mujhe bhook lagi hai but I'm too lazy to cook,but,ENG
Mujhe bhook lagi hai but I'm too lazy to cook,I'm,ENG
Mujhe bhook lagi hai but I'm too lazy to cook,too,ENG
Mujhe bhook lagi hai but I'm too lazy to cook,lazy,ENG
Mujhe bhook lagi hai but I'm too lazy to cook,to,ENG
Mujhe bhook lagi hai but I'm too lazy to cook,cook,ENG
I think ye idea bilkul waste of time hai,I,ENG
I think ye idea bilkul waste of time hai,think,ENG
I think ye idea bilkul waste of time hai,ye,URD
I think ye idea bilkul waste of time hai,idea,MIX
I think ye idea bilkul waste of time hai,bilkul,URD
I think ye idea bilkul waste of time hai,waste,ENG
I think ye idea bilkul waste of time hai,of,ENG
I think ye idea bilkul waste of time hai,time,ENG
I think ye idea bilkul waste of time hai,hai,URD
Chalo ab kaam pe focus karte hain,Chalo,URD
Chalo ab kaam pe focus karte hain,ab,URD
Chalo ab kaam pe focus karte hain,kaam,URD
Chalo ab kaam pe focus karte hain,pe,URD
Chalo ab kaam pe focus karte hain,focus,ENG
Chalo ab kaam pe focus karte hain,karte,URD
Chalo ab kaam pe focus karte hain,hain,URD
She literally ghar se nikli hi nahi aaj,She,ENG
She literally ghar se nikli hi nahi aaj,literally,ENG
She literally ghar se nikli hi nahi aaj,ghar,URD
She literally ghar se nikli hi nahi aaj,se,URD
She literally ghar se nikli hi nahi aaj,nikli,URD
She literally ghar se nikli hi nahi aaj,hi,URD
She literally ghar se nikli hi nahi aaj,nahi,URD
She literally ghar se nikli hi nahi aaj,aaj,URD
Ab tak koi update nahi mila regarding the results,Ab,URD
Ab tak koi update nahi mila regarding the results,tak,URD
Ab tak koi update nahi mila regarding the results,koi,URD
Ab tak koi update nahi mila regarding the results,update,MIX
Ab tak koi update nahi mila regarding the results,nahi,URD
Ab tak koi update nahi mila regarding the results,mila,URD
Ab tak koi update nahi mila regarding the results,regarding,ENG
Ab tak koi update nahi mila regarding the results,the,ENG
Ab tak koi update nahi mila regarding the results,results,ENG
Bro mujhe laga tu aa raha tha,Bro,ENG
Bro mujhe laga tu aa raha tha,mujhe,URD
Bro mujhe laga tu aa raha tha,laga,URD
Bro mujhe laga tu aa raha tha,tu,URD
Bro mujhe laga tu aa raha tha,aa,URD
Bro mujhe laga tu aa raha tha,raha,URD
Bro mujhe laga tu aa raha tha,tha,URD
Itni garmi mein bhi she went for a walk,Itni,URD
Itni garmi mein bhi she went for a walk,garmi,URD
Itni garmi mein bhi she went for a walk,mein,URD
Itni garmi mein bhi she went for a walk,bhi,URD
Itni garmi mein bhi she went for a walk,she,ENG
Itni garmi mein bhi she went for a walk,went,ENG
Itni garmi mein bhi she went for a walk,for,ENG
Itni garmi mein bhi she went for a walk,a,ENG
Itni garmi mein bhi she went for a walk,walk,ENG
"Kya scene hai aaj, are we still meeting up",Kya,URD
"Kya scene hai aaj, are we still meeting up",scene,MIX
"Kya scene hai aaj, are we still meeting up",hai,URD
"Kya scene hai aaj, are we still meeting up",aaj,URD
"Kya scene hai aaj, are we still meeting up",are,ENG
"Kya scene hai aaj, are we still meeting up",we,ENG
"Kya scene hai aaj, are we still meeting up",still,ENG
"Kya scene hai aaj, are we still meeting up",meeting,ENG
"Kya scene hai aaj, are we still meeting up",up,ENG
Ye dr afia ki petition ha sign krdo,Ye,URD
Ye dr afia ki petition ha sign krdo,dr,ENG
Ye dr afia ki petition ha sign krdo,afia,URD
Ye dr afia ki petition ha sign krdo,ki,URD
Ye dr afia ki petition ha sign krdo,petition,ENG
Ye dr afia ki petition ha sign krdo,ha,URD
Ye dr afia ki petition ha sign krdo,sign,ENG
Ye dr afia ki petition ha sign krdo,krdo,URD
"Ismein robot optional hai, aur software prototype ke through bhi strong FYP ban sakta hai",Ismein,URD
"Ismein robot optional hai, aur software prototype ke through bhi strong FYP ban sakta hai",robot,ENG
"Ismein robot optional hai, aur software prototype ke through bhi strong FYP ban sakta hai",optional,ENG
"Ismein robot optional hai, aur software prototype ke through bhi strong FYP ban sakta hai",hai,URD
"Ismein robot optional hai, aur software prototype ke through bhi strong FYP ban sakta hai",aur,URD
"Ismein robot optional hai, aur software prototype ke through bhi strong FYP ban sakta hai",software,ENG
"Ismein robot optional hai, aur software prototype ke through bhi strong FYP ban sakta hai",prototype,ENG
"Ismein robot optional hai, aur software prototype ke through bhi strong FYP ban sakta hai",ke,URD
"Ismein robot optional hai, aur software prototype ke through bhi strong FYP ban sakta hai",through,ENG
"Ismein robot optional hai, aur software prototype ke through bhi strong FYP ban sakta hai",bhi,URD
"Ismein robot optional hai, aur software prototype ke through bhi strong FYP ban sakta hai",strong,ENG
"Ismein robot optional hai, aur software prototype ke through bhi strong FYP ban sakta hai",FYP,ENG
"Ismein robot optional hai, aur software prototype ke through bhi strong FYP ban sakta hai",ban,URD
"Ismein robot optional hai, aur software prototype ke through bhi strong FYP ban sakta hai",sakta,URD
"Ismein robot optional hai, aur software prototype ke through bhi strong FYP ban sakta hai",hai,URD
Main papers dekh kar ye practical gaps suggest karunga,Main,URD
Main papers dekh kar ye practical gaps suggest karunga,papers,ENG
Main papers dekh kar ye practical gaps suggest karunga,dekh,URD
Main papers dekh kar ye practical gaps suggest karunga,kar,URD
Main papers dekh kar ye practical gaps suggest karunga,ye,URD
Main papers dekh kar ye practical gaps suggest karunga,practical,ENG
Main papers dekh kar ye practical gaps suggest karunga,gaps,ENG
Main papers dekh kar ye practical gaps suggest karunga,suggest,ENG
Main papers dekh kar ye practical gaps suggest karunga,karunga,URD
Agla required instrument predict kare,Agla,URD
Agla required instrument predict kare,required,ENG
Agla required instrument predict kare,instrument,ENG
Agla required instrument predict kare,predict,ENG
Agla required instrument predict kare,kare,URD
Surgeon ke bolne se pehle recommendation de,Surgeon,ENG
Surgeon ke bolne se pehle recommendation de,ke,URD
Surgeon ke bolne se pehle recommendation de,bolne,URD
Surgeon ke bolne se pehle recommendation de,se,URD
Surgeon ke bolne se pehle recommendation de,pehle,URD
Surgeon ke bolne se pehle recommendation de,recommendation,ENG
Surgeon ke bolne se pehle recommendation de,de,URD
Abhi free ni hon,Abhi,URD
Abhi free ni hon,free,ENG
Abhi free ni hon,ni,URD
Abhi free ni hon,hon,URD
Hardware based krna ha tum logon ne,Hardware,ENG
Hardware based krna ha tum logon ne,based,ENG
Hardware based krna ha tum logon ne,krna,URD
Hardware based krna ha tum logon ne,ha,URD
Hardware based krna ha tum logon ne,tum,URD
Hardware based krna ha tum logon ne,logon,URD
Hardware based krna ha tum logon ne,ne,URD
Automata ke notes hn,Automata,ENG
Automata ke notes hn,ke,URD
Automata ke notes hn,notes,ENG
Automata ke notes hn,hn,URD
Project ka kuch ya lab manual mn se,Project,ENG
Project ka kuch ya lab manual mn se,ka,URD
Project ka kuch ya lab manual mn se,kuch,URD
Project ka kuch ya lab manual mn se,ya,URD
Project ka kuch ya lab manual mn se,lab,ENG
Project ka kuch ya lab manual mn se,manual,ENG
Project ka kuch ya lab manual mn se,mn,URD
Project ka kuch ya lab manual mn se,se,URD
Streamlit pe to chalana ha bad mn usmn sai text nai show horaha,Streamlit,ENG
Streamlit pe to chalana ha bad mn usmn sai text nai show horaha,pe,URD
Streamlit pe to chalana ha bad mn usmn sai text nai show horaha,to,URD
Streamlit pe to chalana ha bad mn usmn sai text nai show horaha,chalana,URD
Streamlit pe to chalana ha bad mn usmn sai text nai show horaha,ha,URD
Streamlit pe to chalana ha bad mn usmn sai text nai show horaha,bad,URD
Streamlit pe to chalana ha bad mn usmn sai text nai show horaha,mn,URD
Streamlit pe to chalana ha bad mn usmn sai text nai show horaha,usmn,URD
Streamlit pe to chalana ha bad mn usmn sai text nai show horaha,sai,URD
Streamlit pe to chalana ha bad mn usmn sai text nai show horaha,text,ENG
Streamlit pe to chalana ha bad mn usmn sai text nai show horaha,nai,URD
Streamlit pe to chalana ha bad mn usmn sai text nai show horaha,show,ENG
Streamlit pe to chalana ha bad mn usmn sai text nai show horaha,horaha,URD
Accuracy kia aarae ha,Accuracy,ENG
Accuracy kia aarae ha,kia,URD
Accuracy kia aarae ha,aarae,URD
Accuracy kia aarae ha,ha,URD
